sample_id	ras_score	tp53_score	nf1_score	ras_shuffle	tp53_shuffle	nf1_shuffle
ALL-102	0.5240982232615203	0.43067359296476415	0.5040121498628694	0.5788576102301555	0.37164682478742705	0.5571206242218257
ALL-105	0.41724635075670424	0.5051133526160063	0.44215166026597696	0.3153994927584694	0.3025452941547776	0.42527343972332765
ALL-106	0.4467387329296104	0.3425930024123234	0.40909881426724143	0.5292977912277165	0.6531046725418	0.4193713792713638
ALL-107	0.3681719021754841	0.41864728065606843	0.44942152933221	0.5030323465866237	0.4971385570907448	0.46700197758764017
ALL-108	0.43826141028684146	0.4507357425110132	0.4464835714978533	0.5281160979637576	0.5019362332728999	0.5156667100000306
ALL-11	0.4015703695078303	0.41157650504701054	0.3963353462554719	0.5690243784667531	0.6839528502473157	0.4334949981708981
ALL-115	0.4574121327178414	0.3444581939112944	0.4257864912772856	0.441577785107661	0.37627472294622544	0.4902539597022214
ALL-116	0.6468750739522752	0.260101862577271	0.49537942769488635	0.5727973647340364	0.5770376700021878	0.458188917830147
ALL-117	0.3588418549196769	0.37807437316370746	0.43742098295938325	0.5620060311087749	0.3060806835759197	0.5188022595543438
ALL-118	0.547190123987173	0.27453996172858214	0.4571522832760309	0.47185236198289365	0.41588496498313504	0.4075320034249962
ALL-121	0.5921159545211352	0.6722230156683224	0.4376986067354509	0.5903045076703762	0.6863567522196402	0.3344055175969831
ALL-122	0.3326344103506839	0.650153512911706	0.4666128915583233	0.5857691096552488	0.750913171753652	0.4941148563725347
ALL-123	0.4535810573254784	0.3353325304406989	0.39371472723490614	0.32618696397147945	0.5339047031663853	0.43716153875105845
ALL-16	0.4602909122218662	0.4306533517526204	0.46463776476236807	0.40842754421631183	0.6670292516674018	0.5601826355059321
ALL-17	0.425644500535975	0.3198814168746212	0.469499065631642	0.4073680462100848	0.3457929318228896	0.4418775642146106
ALL-26	0.40516410568264527	0.5983800575782885	0.4072903006484828	0.47391736157662523	0.573769408958374	0.43220332882776474
ALL-28	0.40183824164601434	0.23865491515370907	0.34279103134342487	0.49904834997915287	0.6409207526067229	0.48328981364608725
ALL-29	0.34659481935348924	0.42010214923791905	0.4540997956505053	0.565514699265016	0.49093499016583814	0.4867103218936255
ALL-33	0.4424939661083835	0.41952894161924564	0.47364755288647054	0.5050069943047532	0.5350344896402914	0.33963026447076056
ALL-39	0.39551137725405894	0.32115521653034534	0.4724288159104555	0.39212614249130234	0.4692240398830107	0.4544040118337959
ALL-43	0.5295006029583479	0.30460856121394325	0.46878991560887384	0.5205015979037338	0.6104955688916782	0.571004346773392
ALL-46	0.437296773485615	0.6186333595531434	0.4336378948304588	0.4573214429786393	0.5039561466280029	0.4103938422677058
ALL-51	0.5512034927329434	0.35329391768785157	0.4619164172358588	0.5537861725491346	0.45694686206819607	0.6002255132988861
ALL-52	0.4770929511523305	0.239398924330925	0.49449732832960874	0.4507909526403275	0.6098403900454903	0.5000050421263132
ALL-53	0.31675091706990827	0.3731811669288024	0.4116216502871173	0.431776720985475	0.2757618492421236	0.40685011694778356
ALL-54	0.49091321942846994	0.5146256499150166	0.4464025198947548	0.45957901539050644	0.7028293558005054	0.408061415428704
ALL-55	0.6828701143035173	0.09327312528078273	0.45115489600218717	0.43618982197100664	0.5891597827800199	0.49826685618093014
ALL-58	0.41175823190967126	0.3861607873770932	0.4132541004925583	0.4833838657784846	0.3938329780049592	0.5910793315168333
ALL-60	0.3544418538808499	0.2794327713442873	0.42647889805145356	0.3183883595873148	0.3017018100511375	0.4708822052715992
ALL-61	0.3920272461064783	0.532928867965711	0.4550495758289641	0.3614978695363931	0.4492886161574909	0.5676566833753699
ALL-63	0.5221575239389282	0.5441611137867444	0.48839339754945255	0.4825849314760174	0.42151747462370737	0.5474981595581018
ALL-75	0.43938015834641253	0.47558553059599634	0.47854703106422636	0.5634002791200868	0.3227494260371524	0.5051864597789543
ALL-80	0.4313003721330242	0.5887887626699267	0.46329337379703533	0.4766699148732872	0.32575374652694833	0.6454783973383134
ALL-81	0.4034440701862802	0.5416375853910423	0.4653755377155189	0.7148387209598155	0.5183860416840015	0.7647449328955992
ALL-87	0.49777843367766805	0.5535730323049637	0.4262866616005738	0.46653881080245385	0.5537370171789859	0.36835289224820467
ALL-90	0.4963920037790249	0.1158043554332614	0.4367112227753433	0.23333371328949892	0.6059495045969641	0.5700158683187838
ALL-94	0.4118814543952221	0.3091738999354788	0.415220322499301	0.4186135438126545	0.30024836555841117	0.503964955475255
ALL-95	0.5191871521539527	0.2507880636568784	0.49203533788429743	0.5011279287955749	0.48160562047262706	0.5592354056990074
ALL-97	0.3666866383665675	0.4803475924285573	0.512031160578242	0.5446515251181534	0.5043625161876127	0.48931202742021584
PAKYEP	0.38709624954940014	0.592901889167742	0.4506160330475825	0.618825633240858	0.5661545463465325	0.41312464529453463
ALL-02	0.4433159976770459	0.3166164121460764	0.41288174604170996	0.6357303705102294	0.7415540446270991	0.4877385851541876
ALL-03	0.7043731080916403	0.12366286259174944	0.5060050521021702	0.5341869932185634	0.6426589546991655	0.5531894795056221
ALL-04	0.4348313387427915	0.455784031466442	0.4223363769519743	0.5784073178267177	0.6381843871677771	0.491750394731532
ALL-07	0.43552751275483453	0.5480286300713638	0.46468783643017736	0.4207727199832886	0.7837635403730248	0.5360521000675983
ALL-08	0.5100664204173055	0.37180159144577996	0.4892083438512979	0.39836397794507583	0.5372374468648786	0.3618288287645004
ALL-10	0.41392270233832	0.27979572269411196	0.4559750827499392	0.3961311460832422	0.5680451321120109	0.4766247234902181
ALL-19	0.6147657110510775	0.1882416177371984	0.5043078258826267	0.583391139677107	0.5221592049090181	0.5548339147667904
ALL-25	0.3638174120980927	0.4271559383841028	0.46346052795518905	0.4426830604504457	0.4946607654561916	0.5372511096412862
ALL-27	0.49702476743115687	0.6982150147562839	0.5410615942932934	0.5729282147226488	0.4191846973680013	0.39786037314705264
ALL-30	0.5481928739138634	0.2964875504007289	0.46057686959667105	0.34141705358862107	0.6342364502904607	0.4379582194569014
ALL-31	0.5033501827884916	0.5160823412098524	0.3875896746539069	0.4062723491722887	0.5879839747548713	0.3983262269614108
ALL-32	0.5292105597569283	0.17636468638634228	0.48080268814609334	0.49424318300076553	0.4844999767481489	0.36113468908281776
ALL-42	0.566399230150472	0.704705985644243	0.42823654426562197	0.4819966297737153	0.5102610521009393	0.4854220464340341
ALL-47	0.5022792343733402	0.3244514322050994	0.551173960456595	0.4641117826376706	0.33541339101351675	0.5054691189013039
ALL-50	0.5360201687088383	0.4161906211286282	0.4422306166991343	0.7440184578848552	0.8292579120827732	0.5520847884438536
ALL-56	0.5581559477489109	0.41316578409307286	0.49272875609524125	0.5966780871794802	0.26206861479558435	0.49661018937486945
ALL-57	0.33347169750263483	0.5166101432568903	0.48165514118744657	0.47205556264483106	0.6735880306884555	0.4708563841722049
ALL-59	0.5750174739929012	0.16156374253180256	0.3231564271627781	0.375883853453719	0.31599988163221693	0.407890120832666
ALL-82	0.6102163042999812	0.6969408125340385	0.45435547597704806	0.5018930284518655	0.398071452335961	0.48139699911435446
ALL-83	0.4601895921630937	0.7268140472219514	0.44711019346374375	0.6441046520490461	0.3949368159163116	0.4764303822101741
ALL-84	0.6218453846404259	0.2533849529067678	0.5286331864542366	0.4247683888316983	0.40872328101686295	0.5441494577680155
ALL-85	0.5641029214173737	0.529952242252704	0.3664357183424485	0.4796085357688488	0.27205555439432955	0.36924234342185397
MLL-86	0.5347715811392748	0.11234371610296066	0.44271514664870454	0.48592316356270276	0.33388903612887744	0.43466474813298833
ALL-88	0.5211509857454001	0.47649546178770313	0.4768906333958007	0.5916454711165012	0.40709286013028767	0.5103902668106114
ALL-91	0.5295592763241632	0.48648986009932493	0.46232511252209496	0.3421235124511164	0.5031152175936925	0.6297528237620221
ALL-93	0.618446479203077	0.35828747154186713	0.4712494435344926	0.552598009053943	0.24787507147684226	0.5796896688084245
ASPS-KY	0.5412931974079238	0.8177170324793601	0.728693924067588	0.36212840199931096	0.5569811653174493	0.6029055438552606
BT-27	0.3389825138914444	0.4927570316739104	0.4080276714941674	0.47564121037669577	0.6215154707918765	0.7729469314904236
BT-29	0.6400893919531705	0.18742204909868446	0.5759380285959333	0.7550229169740521	0.3770845765961834	0.5887657153965408
CHLA-258	0.6221693720984429	0.2887288751305879	0.5326950432931165	0.4634871683378375	0.5445866139737338	0.43377807043369276
CHLA-79	0.5818751782054686	0.6194055460280109	0.7147638237822356	0.5297343359582395	0.5690870735460691	0.5698793493042723
COG-N-415x	0.63848309691643	0.1717497769962279	0.5978436370324365	0.6687692639624281	0.7057357575937796	0.4979988973279461
COG-N-421x	0.5427805925522852	0.39155903866174685	0.5323041624578702	0.28528111985794247	0.43950607276129183	0.5053369417265866
COG-N-424x	0.4934883538845324	0.1979358225692184	0.5522440794211687	0.33016679390624865	0.41855611503698087	0.458273502495189
COG-N-426x-Felix-PDX	0.5487415960166983	0.7486218166066393	0.5975037701437668	0.419997631907099	0.5803198336400434	0.5917759073342636
COG-N-440x	0.4645503772825032	0.18189482172971053	0.6308718626447821	0.5511643182457534	0.5138100226694694	0.6237594924021603
COG-N-452x	0.541635858334963	0.3731415720125588	0.4912955267406033	0.3539143322297909	0.526326470611858	0.4727564382885682
COG-N-453x	0.5488990518023429	0.4507062120154443	0.49350107142067984	0.38050237088644995	0.2298942147137294	0.4003281354080176
COG-N-471x	0.5393794855389163	0.6891724705591341	0.6072147717967571	0.363197286182607	0.6705424897227853	0.5845010766752334
COG-N-480x	0.7506276067966758	0.46604666579047127	0.5898022171063725	0.6555942984432418	0.5367587521552231	0.5170368342648458
COG-N-496x	0.45516766670688735	0.8913922505602495	0.5317964524057975	0.6929533135492595	0.6321340795799645	0.5787051827777803
COG-N-519x	0.40210880114023295	0.7156134860351129	0.5435693428946268	0.4004097279466281	0.1483413711816323	0.5155062642473168
COG-N-549x	0.6360616707141145	0.5574695321834695	0.5530482197656347	0.4699420400855795	0.5785313738385434	0.4252000180305529
COG-N-557x	0.5758127315361362	0.49867591145198004	0.5452806635503464	0.427652127910281	0.4550173915971084	0.525610643611499
COG-N-560x	0.4447992603254401	0.15864092859364706	0.4724244471898616	0.4446871847345585	0.3057600470253518	0.5108249666791788
COG-N-561x	0.5935583699804343	0.3376863949257409	0.5870797017207969	0.44040573780847925	0.3477923785394662	0.6482206564569014
COG-N-564x	0.6255544584349199	0.33841564527023726	0.5808552617962943	0.8154018407711144	0.5823821644584667	0.5215527155580999
COG-N-589x	0.38828481472366283	0.4751725695461364	0.5143615194488411	0.6265342085829139	0.6287642159290558	0.5635570760956747
COG-N-590x	0.5063505398341197	0.5796519076773563	0.5389832236449348	0.5284722164956506	0.5753422903108566	0.5919050269750225
COG-N-603x	0.5078930133571676	0.39713474632308104	0.4962584395967852	0.32735006984181503	0.22125053951111587	0.5104849049496684
COG-N-619x	0.3766220918963441	0.5461962814176633	0.5470522000848331	0.573670241666501	0.47742770868914136	0.48724582120970455
COG-N-620x	0.4350055302196909	0.41631962451339566	0.5248371095084592	0.5861176753990177	0.4508504022712493	0.43075844229844107
COG-N-623x	0.4938372497156268	0.42441088244610614	0.4824488694417468	0.3367295227536778	0.6113562120855658	0.5480081558494662
COG-N-624x	0.4146584887689563	0.4555254723035019	0.5383891640359686	0.7105865572789436	0.5051317381686508	0.3987690317873298
COG-N-625x	0.42627668163361826	0.38359321976466193	0.5761314213625909	0.4020569958895429	0.6315827280225388	0.5094899612926922
ES-1	0.526195964573856	0.8437284727071481	0.45111902274981164	0.3286738268463734	0.6678717690449496	0.5020597516083342
ES-4	0.2632610455154479	0.3636005450096774	0.3744218429436663	0.5680577112705166	0.542837572604318	0.45178301357510325
ES-6	0.473501624931204	0.4863732075367087	0.3464991899343052	0.4619664785515126	0.4016556404725841	0.4807328411509342
ES-8	0.5321590918546975	0.6105634639829561	0.40257130445899814	0.5016819700184278	0.5917940351270524	0.47734833303220164
ETP-1	0.7446022187565946	0.6969768990250018	0.4673730161167016	0.6426812410777756	0.3009688752183949	0.5448613802136065
ETP-2	0.6332646175820349	0.44851317235771937	0.4690418413144528	0.3979568596147918	0.4184402667783431	0.5734466620550723
ETP-3	0.6927481851802967	0.4052266527980593	0.3909225561597275	0.4944829801938856	0.4302910927875481	0.5478671560290167
ETP-4	0.6575426536769112	0.31928120324201487	0.46218806060799716	0.5669226332594471	0.6136170280280201	0.5189385492343426
ETP-5	0.6483197649793251	0.1910303979760192	0.3148934823628569	0.4974796466744222	0.24643118485260582	0.497594957304065
ETP-6	0.5155307243116499	0.0840809916226858	0.36878603348012046	0.46209987984410844	0.6903107772588777	0.5058400170083042
EW-5	0.4907198785144625	0.7623765512186754	0.5662119279946229	0.38705718238026365	0.4150364713350804	0.5559516917210201
EW-8	0.3532255645784035	0.6917574240488886	0.5426180736995218	0.5601765527634885	0.42031452878024683	0.5387236770509203
NB-Fly-623m	0.5931447016140288	0.4254839278123826	0.45663702689836827	0.5008900190117659	0.24037614565767634	0.46506167445273816
G401	0.7288260148310977	0.08346134987510712	0.4166583572457669	0.6269810540140118	0.47499568429500216	0.47551736684355306
IBs-2373PNET	0.43158687755903985	0.6603088307773763	0.43089658848542794	0.4358678152455529	0.4859237968561732	0.5236716832994079
IBs-P1215DIPG	0.3687932158159396	0.6677119462063837	0.5476076764341923	0.6033000853862417	0.768029017147772	0.8384043146094133
IBs-W0128DIPG	0.44797118539853653	0.6126081347716307	0.5139576156517278	0.30828620247387156	0.8068316657723305	0.48372945892371194
IC-1128GBM	0.17358520680514472	0.8845684956405627	0.5312614608556171	0.5132352721556448	0.6526124872392202	0.49765826258129847
IC-1425EPN	0.3677916130467982	0.33398640715703887	0.44606563269555516	0.4120389550800793	0.607956505967863	0.4837967798369283
IC-1499EPB	0.2397361476515884	0.4435830520736922	0.5441632313189335	0.5368983023769639	0.5047832848354977	0.4980808575190392
IC-1621GBM	0.31732459642327343	0.16030032825237767	0.5754572428228597	0.6957975314276557	0.43270687663235297	0.5369563746998238
IC-2664PNET	0.39671425702973223	0.8903749142171299	0.5084681835219765	0.4007427381916322	0.38623131795473786	0.6973776959187374
IC-22909PNET-rIII	0.7581879175251809	0.19314120080736424	0.532467140211936	0.7055838690321197	0.599849991395177	0.3718580368279072
IC-3635PXA	0.8921941689571508	0.25258763537822565	0.7650016307029981	0.5303648916249634	0.7582368687567601	0.5141663724895711
IC-3752GBM	0.6770593093843893	0.817741355523499	0.6835401723295434	0.3560465596466806	0.5041841047756868	0.4993707604316614
IC-6634GBM	0.895804970427641	0.5366885117493133	0.661628868264237	0.480447768677458	0.3519468122007268	0.5451980794914539
IC-9320GCT	0.5108838855428307	0.17400730366539657	0.3693949129020552	0.34872676011635484	0.5800093615530119	0.6183140898456772
IC-9635EPN	0.10743728778973483	0.12678162612162125	0.5453193484826744	0.5147609420580403	0.3918036412892357	0.4962220758729896
IC-9811EPN	0.1376882544058127	0.3471327409565443	0.4289832904836739	0.4578341575490869	0.8222084318292106	0.5200093038777656
ICb-984MB	0.38202881864913174	0.21619777432239176	0.36090003921707287	0.8683139581143916	0.6363896524276202	0.597396835056157
ICb-10614EPN	0.2571360785928829	0.38695703278586724	0.49137369184005114	0.6395296237706714	0.3709063097942325	0.5767284116062829
ICb-10593ATRT	0.4163665916636274	0.3773505542295745	0.42993770076904797	0.5706094150569041	0.600348762730052	0.4167493983200629
ICb-1078MB	0.4023550604066172	0.6162602484682527	0.3583133080689307	0.4741031281329602	0.4229158095541171	0.5634807134929166
ICb-1140MB	0.429324576678467	0.7254167282446563	0.5152430519165774	0.478042620732375	0.44389786427181593	0.46370241615871866
ICb-1197MB	0.46664076896482864	0.5671141226228607	0.46808234280191596	0.5920775883239856	0.6204137340403103	0.5096672467617672
ICb-1338MB	0.35429633630495155	0.39325626236229844	0.43929123971510603	0.5405181048892544	0.5691703758343138	0.48694652702058716
ICb-1343ENB	0.5041887374105024	0.317240552610037	0.5047271468697743	0.5276392291803846	0.52601825084322	0.43984377437632066
ICb-1494MB	0.6028792738467529	0.4359026946216629	0.43263611497410065	0.41438347804636255	0.42090499034300405	0.6082902102722244
ICb-1595MB	0.5175047164711861	0.6684651145140115	0.4169123680565345	0.462352585674418	0.625242636824893	0.4074355747037942
ICB-1744MB	0.4640476264086656	0.6823796679146569	0.42894631569765723	0.5874263122450912	0.586388874740114	0.4274221796512581
ICb-2002EPN	0.37646394963179614	0.5823792669406717	0.5008410064975994	0.413465224549328	0.21421440644662254	0.5897812252343609
ICb-2123MB	0.37944143870171426	0.6869391746910132	0.47567751623513727	0.4048946853586822	0.7397609339400064	0.3781285211448576
ICb-2164MB	0.5532149734169278	0.607799976654017	0.49153218152476025	0.6148590545472357	0.4694697640215537	0.5082792349062123
ICb-2555MB	0.5878600472744453	0.5755236996486065	0.44581902847795046	0.7104827422993456	0.6754443866226929	0.45897241386199406
ICb-3130MB	0.5877079768514657	0.5090641792247679	0.5014002463755326	0.36762421996783123	0.38647987264505745	0.43233202889306227
ICb-3400MB	0.18941038175296546	0.882276077617736	0.41665641189804836	0.47368491428956105	0.6219000199210466	0.5812293090736126
ICb-5108ATRT	0.57732953505103	0.1941480587367576	0.530122883967467	0.45435427492387576	0.5318782438200867	0.5229264115152329
ICb-5323EPN	0.28144266590481554	0.4670650905667195	0.487194633019725	0.3515672781807363	0.4530708775827731	0.4839466706812921
ICb-5610MB	0.5656705991294779	0.8648301994325943	0.3948834281375627	0.5641204722695375	0.5801966469958898	0.6097760071672816
ICb-8008MB	0.3499096808150459	0.703681229043985	0.39549473711123095	0.5402125358191361	0.5854755257563979	0.5166375381388638
ICb-9508MB	0.4227775015139425	0.6150575023430062	0.5156986261453045	0.6696864769156499	0.5444309321954816	0.5642392794248774
ICb-9850PNET	0.7080092716946745	0.1218305305763001	0.559274496336937	0.46420651077239095	0.4506176822573159	0.4196842057365659
ICb-J1017MB	0.607169300360189	0.6766335506028602	0.4208654032764681	0.5264330795421983	0.5712438105889516	0.4178544887924848
ICb-L1115ATRT	0.4434660537385678	0.5289860886503619	0.379385177653292	0.3487142499323271	0.4830976121693454	0.3822090411639589
ICb-S1129MB	0.5158095564683693	0.5007329230625711	0.5163798833224502	0.16498671214708208	0.5308717959519322	0.6116774933860544
IRS-68	0.7689528779662708	0.12771620848215162	0.6754741141817708	0.32556951468361056	0.3729751672857549	0.4817774061487155
IRS-56	0.540275559029743	0.5072084961193674	0.48752402391180677	0.6243396878198534	0.6224383625170982	0.4888538631010705
KT-10	0.697964562253527	0.42567399421539537	0.5608957276078924	0.5809073777292489	0.70533633466594	0.37980246269667506
KT-11	0.5605116112473634	0.440058992770208	0.47138489139818157	0.4902973445107056	0.38691759459336406	0.5641345427906042
KT-12	0.5288729009719859	0.048206159763356085	0.49436279574530784	0.551072832138774	0.5596190219605544	0.37823865017385305
KT-13	0.5265829179621894	0.8273395566381399	0.583990587126471	0.4300161509680482	0.7681884114723984	0.47659441686744136
KT-14	0.5082390384985226	0.03876464424666406	0.4480442542168949	0.3370891372280361	0.6069942149834373	0.5112104284193588
KT-18	0.6735741305060874	0.7903504262727687	0.5154206489238955	0.7037674840729636	0.29605853004184834	0.5642346715926686
KT-6	0.41480473737146756	0.30133130887975734	0.4882040468002486	0.48945691276748593	0.46644190093769694	0.45554114509360766
KT-8	0.5288633027803422	0.5049289115488425	0.4622803135743831	0.40241994072953396	0.20803055930152306	0.4052732747760378
KT-9	0.46016263599767854	0.9483811156907133	0.6224005298188817	0.3725665348843391	0.4092774415301286	0.543019952042298
MLL-1	0.5606236555627104	0.1628860474643834	0.4637505357763483	0.6548590993319097	0.5253741380516616	0.5260938702773936
MLL-14	0.6104464237043047	0.09344223268193382	0.435405130822418	0.46912607126550476	0.5669688007795342	0.611453014184187
MLL-2	0.41008904250672157	0.2748951937963989	0.4672996151183522	0.4601189933914041	0.69039376222253	0.5301329000794491
MLL-3	0.5749703585396265	0.3110094397356634	0.47912065196294595	0.5532739533791642	0.6942213569629977	0.538271722753183
MLL-5	0.5097839005274863	0.4630422549050569	0.4394512694295898	0.4574948889177271	0.5414554885052592	0.5494441878768996
MLL-6	0.34561277713095917	0.3529098267172133	0.47543615678415585	0.6709981392818389	0.6850091326950589	0.4564634321049438
MLL-7	0.4243510079135097	0.39483951926572347	0.4688393063638082	0.5652711015418297	0.32882518757984625	0.4203931376115356
MLL-8	0.4607959540688189	0.28023583087088255	0.467817048894532	0.47249358130986513	0.5734064150112669	0.5124092582099578
NB-1382	0.8496990924173616	0.4667786884318295	0.5860396683634674	0.6119586621884234	0.6530862552219915	0.45771409880874386
NB-1643	0.6293755145377227	0.4628641537998021	0.5833183881249538	0.43690988289915994	0.5141667420033322	0.4156255468972319
NB-1691	0.541742377385341	0.2922963089701432	0.42465246098950044	0.6227872216433837	0.44775029985602355	0.47160852575882223
NB-1771	0.6530553937519633	0.7959186816473526	0.6554794417591224	0.25255346548504753	0.11486720947667758	0.4239602214126146
NB-EBc1	0.6463127925191108	0.7335732135982402	0.646402762471663	0.641255993241616	0.5717040428808685	0.3953927155812471
NB-SD	0.568976533046411	0.7505992248385042	0.6213992875613943	0.4655320381656843	0.6470287765525548	0.5589959419658586
NCH-CA-1	0.4486166477187192	0.04183686855370332	0.5083756705392805	0.5349778517047472	0.17291751633727226	0.42106958623701873
NCH-CA-2	0.449800044005311	0.8002041906839947	0.4930728488356149	0.5448339706222018	0.47742754361049633	0.530001466721796
NCH-CA-3	0.5187216968014166	0.5697657240392835	0.872348253829178	0.3997939040296344	0.48680570055780303	0.6265814639385751
NCH-CCS-1	0.7251659961217559	0.1754051612663002	0.5147324342676628	0.42776573508159765	0.15364537421945995	0.39815533451194346
NCH-HEP1	0.4873334403722978	0.4911285362517834	0.3709711939755497	0.4821146222535761	0.5306085659223603	0.4210736567040457
NCH-MB-1	0.4694713122113393	0.5669548357128467	0.3872336825639276	0.4058267401515274	0.38070932038830135	0.4385470771724741
NCH-MN-1	0.954317245635529	0.2582598788060232	0.8325185777561569	0.40751913692070524	0.5971531266374419	0.5125555687179003
NCH-NB-1	0.41130159488435375	0.16209838920394673	0.6975051944198557	0.4753442180802588	0.4165494089627139	0.5226800291067198
NCH-OS-1	0.4299688930414102	0.8127565951411275	0.6160735056391329	0.40141565241144184	0.5920970389129252	0.40794385221498286
NCH-PXA-1	0.3066211279782431	0.9505310947758302	0.7387939485349728	0.4051652945632849	0.5772882617954802	0.4233369828294869
NCH-RBD-2	0.9807068226165174	0.38509011524703934	0.5229424742040517	0.4903411274338373	0.4543033609814589	0.4799774808895553
NCH-RBD-4	0.5430247349084766	0.09679516455144298	0.5424870259679798	0.6088974283429455	0.42744918570172014	0.3704323000118432
NCH-ERMS-1-NCH-RMS-1	0.7930065418278974	0.5562954030217208	0.7326682878879158	0.5016508749096652	0.47554249076842103	0.526986736417754
NCH-ARMS-2-NCH-S13-7484	0.4050905790856392	0.3000424725023116	0.4108846446337314	0.35960626300389525	0.4843191571858633	0.3125905592216841
NCH-WT-4	0.6185653008166514	0.3900969089422095	0.48591579348104014	0.7491629365358503	0.33348667039576896	0.476272334688811
NCH-WT-5	0.6149849889341239	0.4096816915640788	0.519816797342073	0.45119945254512916	0.34583379611913817	0.629170070171399
NCH-WT-6-S13-1506	0.6288561193810636	0.33735377401862915	0.517684388483509	0.35690439006686475	0.5632390140771881	0.42784706825773516
NCH-WT-7	0.6242084202017707	0.6005744215531733	0.5175492634887097	0.4280051538091402	0.6336952446044026	0.4150349664367687
NCH-WT-8-S13-3700	0.6351934785517886	0.431650109180167	0.4708596457449025	0.5596611727126274	0.5736001079848208	0.47449373091776625
NCI-ASPS	0.5746619297774883	0.8101407493688098	0.6284103362246178	0.482945019452138	0.20272745457936217	0.43940942245005754
OS-1	0.7022550247706328	0.9433190326558368	0.7115731948813596	0.49249860992320427	0.2680025657067177	0.4743610245804101
OS-2	0.40475351180736724	0.7569443920128318	0.6181390934348839	0.661395021831942	0.5907649387849392	0.4711268025008097
OS-29	0.2700011025399623	0.8124345764077661	0.48416361107120803	0.645743643675596	0.5369065807658725	0.5081761099471586
OS-31	0.2773077448554058	0.5449507414313216	0.375104431294168	0.60531605460772	0.4049969449586812	0.6016379033608349
OS-32	0.28978406829384545	0.8428472637578397	0.50372969615819	0.4726411180369039	0.48412493579784655	0.515453599760155
OS-33	0.32537213325263764	0.8415761110097187	0.5762688354867446	0.5344946587215023	0.1581431429303559	0.5188124518341675
OS-34	0.340488164653859	0.842415492293449	0.5344415811045861	0.422837316418703	0.6131503337020084	0.502104162131141
OS-34-SJ	0.40086051168934583	0.9518622610445924	0.5438452755674251	0.8473478193997805	0.47461707040961154	0.48931461411331106
OS-41	0.4623351178761813	0.8246045352944155	0.4590801467794482	0.5735133158226116	0.43650827975325374	0.49847967867294374
OS-42	0.23917299701498435	0.9008862150246758	0.48627574623131936	0.36748157193502634	0.2055720931928471	0.40356282259334314
OS-43-TPMX	0.23340169850736556	0.8828208896027351	0.6285072419980391	0.8669025848351748	0.5609750247187579	0.5610215130830053
OS-44-KPDX-x	0.827167928703412	0.9519598619723922	0.5271770730243837	0.30468444653965354	0.7046444511264837	0.5935746503587008
OS-44	0.41120877247201876	0.8767836953553759	0.609300348611326	0.6155423789516458	0.5321183960140582	0.5078704837742245
OS-45-TSX-pr1	0.384200689528718	0.5368052974576781	0.5659629258722598	0.5276481624398762	0.45718151171372495	0.4303176394166597
OS-46-AOX	0.4842520107906283	0.6337047569057465	0.5349348915871	0.613127287889795	0.43131603151386916	0.5232401635422815
OS-46	0.546788310293598	0.9089271198156414	0.5017039921740449	0.5260794315616195	0.3735596230688569	0.46104239064692665
OS-47-SJ	0.18498544454555585	0.6607411655880717	0.3606324710244231	0.46583025888575874	0.29690881671418895	0.3925876693766037
OS-48	0.08094805924805477	0.8806509250219628	0.5460206973782468	0.34775942098644813	0.693992146776913	0.529859338662243
OS-49-SJ	0.9573522179299944	0.9048644050278156	0.8376581729529329	0.4618801894182437	0.5986218665981762	0.4967611660046849
OS-49-STTX-sc	0.4029484604851202	0.6307396360882077	0.5449318516503406	0.4464592996757525	0.40600799632591444	0.6050482723021172
OS-51-CHLX	0.4618270235988471	0.8549597594363695	0.5218903534841312	0.5358411085169871	0.6604012707946769	0.4248684334868764
OS-52-SJ	0.33859601572051434	0.6876544309015005	0.48694033274464515	0.514260251681089	0.7163482841057671	0.5078806870805448
OS-54-OHS-x	0.5268930331974409	0.9131384363343253	0.5991841762028093	0.5175787475407299	0.7988445803634237	0.47272475864403524
OS-54-SJ	0.41647615811554345	0.8036731705175394	0.4547055117944671	0.365483685757737	0.5858987448886191	0.4756203315664561
OS-55	0.33961922041857534	0.8593858189961817	0.6261730417375843	0.46168656023062804	0.46142435733859727	0.42577164419272995
OS-55-SBX	0.2949794134854246	0.46495464039134776	0.4528098633081543	0.3512419583966236	0.4784087943163716	0.5296244941181861
OS-56-TTX	0.7345485388630256	0.7228676358219814	0.6158997347552759	0.5244414895288192	0.4508880068254177	0.42215786020420276
OS-60	0.25903164496888126	0.7897826327948533	0.439456781597218	0.5324891024754246	0.6547381013729742	0.5071390458874202
OS-9	0.3609839809741694	0.8436445231605539	0.47532617457876297	0.4461758522588408	0.35661534199084294	0.5431800928986515
Rh-12	0.7143974385357418	0.5607723284372266	0.618699532495394	0.6894847551040352	0.6639942038094772	0.3738006372731587
Rh-70	0.5403098334013255	0.8705708195843799	0.652547800336287	0.6487561529141016	0.3409050905588659	0.5955984699962912
Rh-10	0.5104902170515306	0.5660326143243125	0.46096646614481895	0.49182654253356706	0.602941749416434	0.5294545109967356
Rh-30	0.5438637275660514	0.37630743682675327	0.43757596982440267	0.651204979396818	0.3998871464795854	0.6724308942836142
Rh-30R	0.35207047540808895	0.6790233264774315	0.3912856886493386	0.3646660950966846	0.6463387975463594	0.4359790858690986
Rh-36	0.7605636229373844	0.5103491956636836	0.6185745216805488	0.5888580979065371	0.5692419190755517	0.6049743465422266
Rh-41	0.5308423177136328	0.54624012399879	0.5257927572870353	0.41824738322403543	0.3994803763770466	0.4465670869899059
Rh-65	0.4735382242836218	0.27450496640893207	0.35903658602314176	0.4386618399465972	0.32654721249180796	0.6770570201425461
SK-NEP-1	0.5677620643590883	0.6552917109736772	0.4917700342568922	0.6856478559736382	0.46886142064724035	0.4237855211590444
TC-71	0.5969336902687629	0.8525204557621451	0.5526961574737584	0.26009758291019835	0.6382180278533988	0.4812033864106264
PAKHZT	0.4185700542707882	0.6355245350433657	0.4657044279702542	0.2669014205260944	0.8019871046587007	0.4382081474923039
PAKRSL	0.4749546457738611	0.5198678545633909	0.45911930142354573	0.6609937037743683	0.33141449453719773	0.5023915784846795
PAKSWW	0.5393711164783153	0.5902120214890855	0.47067356025403195	0.5148162615547313	0.425323057508587	0.5743819098107633
PAKVKK	0.44297719103424743	0.5133082357270485	0.43847315500724887	0.6918727960349534	0.4605364300116873	0.46800482649948394
PALJDL	0.3581549492048042	0.5424763917058735	0.45231751741389054	0.4759652095689164	0.43154449338831596	0.5748218276311413
PALKTY	0.44814268774240446	0.3331575087491787	0.4542912988990614	0.3583377003068801	0.5561645120069447	0.4574699932611758
PALLSD	0.5018703474686478	0.25882195216325926	0.44160366345515034	0.5417431990905152	0.4563152229291746	0.5126473195787559
PALNTB	0.5124709973515437	0.49563586295750006	0.45463290893073366	0.37001146096432713	0.39666816614335315	0.6303003533703029
PALTWS	0.5681347903354645	0.5894138370740215	0.45997601445716724	0.5865955811820666	0.5004201452560281	0.5124174302493052
PAMDRM	0.5013196287545184	0.28488228476114197	0.43739266818113437	0.6824488141872698	0.619273311892826	0.48542227868180277
