fpr	tpr	threshold	gene	shuffled
0.0	0.0	1.9790358845685592	Ras	False
0.006711409395973154	0.0	0.9790358845685592	Ras	False
0.006711409395973154	0.010101010101010102	0.95153913976202	Ras	False
0.013422818791946308	0.010101010101010102	0.9467634612044136	Ras	False
0.013422818791946308	0.020202020202020204	0.8939428445664643	Ras	False
0.020134228187919462	0.020202020202020204	0.8869496467916993	Ras	False
0.026845637583892617	0.020202020202020204	0.8544193744368327	Ras	False
0.026845637583892617	0.030303030303030304	0.836746616407087	Ras	False
0.026845637583892617	0.04040404040404041	0.8329098907612916	Ras	False
0.026845637583892617	0.050505050505050504	0.7828890879415656	Ras	False
0.026845637583892617	0.06060606060606061	0.7640578964612924	Ras	False
0.026845637583892617	0.0707070707070707	0.7573834951099543	Ras	False
0.026845637583892617	0.08080808080808081	0.7486232721263101	Ras	False
0.026845637583892617	0.09090909090909091	0.7441901071520647	Ras	False
0.026845637583892617	0.10101010101010101	0.7420219290477775	Ras	False
0.03355704697986577	0.10101010101010101	0.740259717999399	Ras	False
0.040268456375838924	0.10101010101010101	0.7362070802355254	Ras	False
0.04697986577181208	0.10101010101010101	0.7192964468136195	Ras	False
0.053691275167785234	0.10101010101010101	0.7188341145631862	Ras	False
0.06040268456375839	0.10101010101010101	0.7100100865151221	Ras	False
0.06040268456375839	0.1111111111111111	0.7050483871028355	Ras	False
0.06711409395973154	0.1111111111111111	0.6958436409274354	Ras	False
0.06711409395973154	0.12121212121212122	0.6944797665546081	Ras	False
0.06711409395973154	0.13131313131313133	0.6889194522518113	Ras	False
0.0738255033557047	0.13131313131313133	0.6769429634236962	Ras	False
0.0738255033557047	0.1414141414141414	0.6688957113325483	Ras	False
0.08053691275167785	0.1414141414141414	0.6605827643626132	Ras	False
0.087248322147651	0.1414141414141414	0.6596958088251991	Ras	False
0.09395973154362416	0.1414141414141414	0.6494742337604326	Ras	False
0.10067114093959731	0.1414141414141414	0.6475695893674865	Ras	False
0.10738255033557047	0.1414141414141414	0.6439740118928359	Ras	False
0.11409395973154363	0.1414141414141414	0.6408713351898935	Ras	False
0.11409395973154363	0.15151515151515152	0.6365750278327083	Ras	False
0.12080536912751678	0.15151515151515152	0.6312926070963739	Ras	False
0.12751677852348994	0.15151515151515152	0.6305231329871472	Ras	False
0.1342281879194631	0.15151515151515152	0.6266058063825458	Ras	False
0.1342281879194631	0.16161616161616163	0.6241979093165091	Ras	False
0.14093959731543623	0.16161616161616163	0.6237819743347683	Ras	False
0.1476510067114094	0.16161616161616163	0.6209856823097469	Ras	False
0.15436241610738255	0.16161616161616163	0.6201378116354086	Ras	False
0.1610738255033557	0.16161616161616163	0.6155902521888023	Ras	False
0.16778523489932887	0.16161616161616163	0.6147937755085637	Ras	False
0.174496644295302	0.16161616161616163	0.6145773939761618	Ras	False
0.174496644295302	0.1717171717171717	0.6145677554456412	Ras	False
0.18120805369127516	0.1717171717171717	0.6134670019611803	Ras	False
0.18791946308724833	0.1717171717171717	0.6108630728542958	Ras	False
0.18791946308724833	0.18181818181818182	0.6085314534570214	Ras	False
0.19463087248322147	0.18181818181818182	0.6081725596028542	Ras	False
0.20134228187919462	0.18181818181818182	0.6054901221075368	Ras	False
0.2080536912751678	0.18181818181818182	0.6032474102952973	Ras	False
0.2080536912751678	0.1919191919191919	0.6024330442841547	Ras	False
0.21476510067114093	0.1919191919191919	0.6023022384111903	Ras	False
0.2214765100671141	0.1919191919191919	0.5972191961332607	Ras	False
0.22818791946308725	0.1919191919191919	0.5931675440844992	Ras	False
0.2348993288590604	0.1919191919191919	0.5862790914052882	Ras	False
0.2348993288590604	0.20202020202020202	0.5861907300438236	Ras	False
0.24161073825503357	0.20202020202020202	0.5818186361987839	Ras	False
0.2483221476510067	0.20202020202020202	0.5806082020662764	Ras	False
0.2483221476510067	0.21212121212121213	0.5743933253840287	Ras	False
0.2550335570469799	0.21212121212121213	0.5729264168319259	Ras	False
0.26174496644295303	0.21212121212121213	0.5721020165522289	Ras	False
0.2684563758389262	0.21212121212121213	0.5713153616240466	Ras	False
0.2751677852348993	0.21212121212121213	0.5694547249993318	Ras	False
0.2751677852348993	0.2222222222222222	0.5692099842385181	Ras	False
0.28187919463087246	0.2222222222222222	0.5671487706593665	Ras	False
0.28859060402684567	0.2222222222222222	0.566859408379631	Ras	False
0.28859060402684567	0.23232323232323232	0.5666725720404452	Ras	False
0.2953020134228188	0.23232323232323232	0.5640810876997672	Ras	False
0.2953020134228188	0.24242424242424243	0.5629762896441988	Ras	False
0.30201342281879195	0.24242424242424243	0.56196489545989	Ras	False
0.30201342281879195	0.25252525252525254	0.5618178691280443	Ras	False
0.30201342281879195	0.26262626262626265	0.5617674416070133	Ras	False
0.30201342281879195	0.2727272727272727	0.5616934039221151	Ras	False
0.30201342281879195	0.2828282828282828	0.5587251579685805	Ras	False
0.3087248322147651	0.2828282828282828	0.5542914727892677	Ras	False
0.3087248322147651	0.29292929292929293	0.5531327562195405	Ras	False
0.31543624161073824	0.29292929292929293	0.5481834976965396	Ras	False
0.31543624161073824	0.30303030303030304	0.5462614916446927	Ras	False
0.3221476510067114	0.30303030303030304	0.5443186851554556	Ras	False
0.3288590604026846	0.30303030303030304	0.54376079437592	Ras	False
0.33557046979865773	0.30303030303030304	0.5433793464495681	Ras	False
0.3422818791946309	0.30303030303030304	0.5426858883739679	Ras	False
0.348993288590604	0.30303030303030304	0.5418712439277218	Ras	False
0.348993288590604	0.31313131313131315	0.5404545902624602	Ras	False
0.348993288590604	0.32323232323232326	0.5396806831306289	Ras	False
0.348993288590604	0.3333333333333333	0.5392375711634538	Ras	False
0.35570469798657717	0.3333333333333333	0.5392225295383601	Ras	False
0.35570469798657717	0.3434343434343434	0.5378365611334582	Ras	False
0.3624161073825503	0.3434343434343434	0.5357331290208971	Ras	False
0.3624161073825503	0.35353535353535354	0.5347945899897423	Ras	False
0.3691275167785235	0.35353535353535354	0.5336517617734051	Ras	False
0.37583892617449666	0.35353535353535354	0.5331224348304441	Ras	False
0.3825503355704698	0.35353535353535354	0.5314487893846563	Ras	False
0.38926174496644295	0.35353535353535354	0.5297746521683094	Ras	False
0.38926174496644295	0.36363636363636365	0.5280567463857511	Ras	False
0.38926174496644295	0.37373737373737376	0.5254617842836388	Ras	False
0.3959731543624161	0.37373737373737376	0.5208540548050489	Ras	False
0.40268456375838924	0.37373737373737376	0.5193408761565893	Ras	False
0.40939597315436244	0.37373737373737376	0.5189962643629328	Ras	False
0.4161073825503356	0.37373737373737376	0.5189810048237313	Ras	False
0.4228187919463087	0.37373737373737376	0.5188365062363555	Ras	False
0.42953020134228187	0.37373737373737376	0.518456848805983	Ras	False
0.42953020134228187	0.3838383838383838	0.5181611477661446	Ras	False
0.436241610738255	0.3838383838383838	0.5176717993077947	Ras	False
0.436241610738255	0.3939393939393939	0.5174481993650604	Ras	False
0.4429530201342282	0.3939393939393939	0.5166510602446254	Ras	False
0.4429530201342282	0.40404040404040403	0.5163889432825685	Ras	False
0.4429530201342282	0.41414141414141414	0.5155974020661287	Ras	False
0.44966442953020136	0.41414141414141414	0.5149018421233136	Ras	False
0.4563758389261745	0.41414141414141414	0.5146970898298012	Ras	False
0.46308724832214765	0.41414141414141414	0.5114095289602429	Ras	False
0.46308724832214765	0.42424242424242425	0.5111082070445729	Ras	False
0.46308724832214765	0.43434343434343436	0.510478082051861	Ras	False
0.4697986577181208	0.43434343434343436	0.5099975143454851	Ras	False
0.47651006711409394	0.43434343434343436	0.5088436796430675	Ras	False
0.48322147651006714	0.43434343434343436	0.5078082472431641	Ras	False
0.4899328859060403	0.43434343434343436	0.506570588549585	Ras	False
0.4899328859060403	0.4444444444444444	0.5048303822402579	Ras	False
0.4966442953020134	0.4444444444444444	0.5039343598207067	Ras	False
0.5033557046979866	0.4444444444444444	0.5038610281854814	Ras	False
0.5100671140939598	0.4444444444444444	0.4978959753844772	Ras	False
0.5167785234899329	0.4444444444444444	0.4977362201093109	Ras	False
0.5234899328859061	0.4444444444444444	0.4975687067848626	Ras	False
0.5234899328859061	0.45454545454545453	0.4972401357565392	Ras	False
0.5234899328859061	0.46464646464646464	0.4946115730699565	Ras	False
0.5302013422818792	0.46464646464646464	0.4943152358384873	Ras	False
0.5369127516778524	0.46464646464646464	0.4940621461088735	Ras	False
0.5369127516778524	0.47474747474747475	0.4885989224150661	Ras	False
0.5436241610738255	0.47474747474747475	0.4880002159378296	Ras	False
0.5436241610738255	0.48484848484848486	0.487737373212186	Ras	False
0.5436241610738255	0.494949494949495	0.483868964690605	Ras	False
0.5436241610738255	0.5050505050505051	0.4801116039238041	Ras	False
0.5436241610738255	0.5151515151515151	0.4773442356785282	Ras	False
0.5436241610738255	0.5252525252525253	0.4767274332102546	Ras	False
0.5503355704697986	0.5252525252525253	0.4760430108254297	Ras	False
0.5570469798657718	0.5252525252525253	0.474523447035193	Ras	False
0.5570469798657718	0.5353535353535354	0.4722699494023314	Ras	False
0.5637583892617449	0.5353535353535354	0.4711854082781978	Ras	False
0.5704697986577181	0.5353535353535354	0.4690349075729853	Ras	False
0.5771812080536913	0.5353535353535354	0.4681187139801109	Ras	False
0.5838926174496645	0.5353535353535354	0.4644006002407206	Ras	False
0.5906040268456376	0.5353535353535354	0.4639972646000296	Ras	False
0.5906040268456376	0.5454545454545454	0.4597526874124171	Ras	False
0.5973154362416108	0.5454545454545454	0.4593182573435569	Ras	False
0.5973154362416108	0.5555555555555556	0.4592906925065821	Ras	False
0.6040268456375839	0.5555555555555556	0.4559566201663344	Ras	False
0.6040268456375839	0.5656565656565656	0.4555991078356562	Ras	False
0.610738255033557	0.5656565656565656	0.4516017861806566	Ras	False
0.6174496644295302	0.5656565656565656	0.4511582711746806	Ras	False
0.6241610738255033	0.5656565656565656	0.4508465983349137	Ras	False
0.6308724832214765	0.5656565656565656	0.4494933059818735	Ras	False
0.6375838926174496	0.5656565656565656	0.4482885206231276	Ras	False
0.6442953020134228	0.5656565656565656	0.44705875264690104	Ras	False
0.6510067114093959	0.5656565656565656	0.4469381207418146	Ras	False
0.6577181208053692	0.5656565656565656	0.446194456324377	Ras	False
0.6577181208053692	0.5757575757575758	0.4461147044092706	Ras	False
0.6644295302013423	0.5757575757575758	0.445073234141955	Ras	False
0.6644295302013423	0.5858585858585859	0.4433401648593542	Ras	False
0.6644295302013423	0.5959595959595959	0.4432494612630156	Ras	False
0.6711409395973155	0.5959595959595959	0.4410409058066677	Ras	False
0.6778523489932886	0.5959595959595959	0.4405010027928943	Ras	False
0.6778523489932886	0.6060606060606061	0.4404090475008397	Ras	False
0.6845637583892618	0.6060606060606061	0.4402703998376588	Ras	False
0.6845637583892618	0.6161616161616161	0.4384209765863864	Ras	False
0.6912751677852349	0.6161616161616161	0.4369145877458683	Ras	False
0.697986577181208	0.6161616161616161	0.4354183097896957	Ras	False
0.7046979865771812	0.6161616161616161	0.4350335267834163	Ras	False
0.7114093959731543	0.6161616161616161	0.433265181449023	Ras	False
0.7181208053691275	0.6161616161616161	0.4325797802155168	Ras	False
0.7181208053691275	0.6262626262626263	0.431601431298867	Ras	False
0.7181208053691275	0.6363636363636364	0.4274717218138123	Ras	False
0.7181208053691275	0.6464646464646465	0.4271206514490862	Ras	False
0.7181208053691275	0.6565656565656566	0.4267779458108032	Ras	False
0.7181208053691275	0.6666666666666666	0.4262079962740982	Ras	False
0.7248322147651006	0.6666666666666666	0.420877266613084	Ras	False
0.7248322147651006	0.6767676767676768	0.4182292706745602	Ras	False
0.7315436241610739	0.6767676767676768	0.4178230274972273	Ras	False
0.738255033557047	0.6767676767676768	0.41544844308261	Ras	False
0.738255033557047	0.6868686868686869	0.41484375924308003	Ras	False
0.738255033557047	0.696969696969697	0.4125810355965366	Ras	False
0.7449664429530202	0.696969696969697	0.4122435067524153	Ras	False
0.7516778523489933	0.696969696969697	0.41175508369439295	Ras	False
0.7516778523489933	0.7070707070707071	0.4098492342623571	Ras	False
0.7583892617449665	0.7070707070707071	0.40895116955536404	Ras	False
0.7583892617449665	0.7171717171717171	0.4077188524073736	Ras	False
0.7583892617449665	0.7272727272727273	0.4076653556114596	Ras	False
0.7651006711409396	0.7272727272727273	0.4068959119784254	Ras	False
0.7651006711409396	0.7373737373737373	0.4034694639104655	Ras	False
0.7718120805369127	0.7373737373737373	0.4033862238415889	Ras	False
0.7785234899328859	0.7373737373737373	0.4033149317006472	Ras	False
0.785234899328859	0.7373737373737373	0.4018845463482849	Ras	False
0.7919463087248322	0.7373737373737373	0.4018413194217992	Ras	False
0.7986577181208053	0.7373737373737373	0.4007146302864525	Ras	False
0.7986577181208053	0.7474747474747475	0.4003975643511733	Ras	False
0.7986577181208053	0.7575757575757576	0.3979127518941933	Ras	False
0.7986577181208053	0.7676767676767676	0.39755563948248207	Ras	False
0.7986577181208053	0.7777777777777778	0.392095824400058	Ras	False
0.7986577181208053	0.7878787878787878	0.3907741855208299	Ras	False
0.7986577181208053	0.797979797979798	0.3904342436388394	Ras	False
0.7986577181208053	0.8080808080808081	0.3886632932453632	Ras	False
0.8053691275167785	0.8080808080808081	0.38668389024523786	Ras	False
0.8120805369127517	0.8080808080808081	0.3866434094297081	Ras	False
0.8120805369127517	0.8181818181818182	0.3862570620224451	Ras	False
0.8120805369127517	0.8282828282828283	0.38360054582995307	Ras	False
0.8187919463087249	0.8282828282828283	0.3835275566822769	Ras	False
0.825503355704698	0.8282828282828283	0.3799618876106151	Ras	False
0.8322147651006712	0.8282828282828283	0.378022954277556	Ras	False
0.8389261744966443	0.8282828282828283	0.3734576252039768	Ras	False
0.8456375838926175	0.8282828282828283	0.37231337689634	Ras	False
0.8523489932885906	0.8282828282828283	0.3711193220396313	Ras	False
0.8590604026845637	0.8282828282828283	0.3685656360699834	Ras	False
0.8657718120805369	0.8282828282828283	0.36806288628288597	Ras	False
0.8657718120805369	0.8383838383838383	0.35919743539017235	Ras	False
0.87248322147651	0.8383838383838383	0.3586052172412677	Ras	False
0.8791946308724832	0.8383838383838383	0.3584037477749462	Ras	False
0.8859060402684564	0.8383838383838383	0.35817265435399304	Ras	False
0.8859060402684564	0.8484848484848485	0.35680083274718905	Ras	False
0.8926174496644296	0.8484848484848485	0.3546718464488333	Ras	False
0.8993288590604027	0.8484848484848485	0.35027593562485165	Ras	False
0.9060402684563759	0.8484848484848485	0.3489636569085704	Ras	False
0.912751677852349	0.8484848484848485	0.3431695543364007	Ras	False
0.9194630872483222	0.8484848484848485	0.33970084307812	Ras	False
0.9194630872483222	0.8585858585858586	0.3378097407674824	Ras	False
0.9194630872483222	0.8686868686868687	0.3360687004794693	Ras	False
0.9261744966442953	0.8686868686868687	0.3331208438870047	Ras	False
0.9261744966442953	0.8787878787878788	0.33102086589764873	Ras	False
0.9328859060402684	0.8787878787878788	0.3308400908747373	Ras	False
0.9395973154362416	0.8787878787878788	0.3267157756656758	Ras	False
0.9395973154362416	0.8888888888888888	0.32015569447490044	Ras	False
0.9463087248322147	0.8888888888888888	0.3163929540283505	Ras	False
0.9463087248322147	0.898989898989899	0.3109540861928757	Ras	False
0.9463087248322147	0.9090909090909091	0.31050541618215965	Ras	False
0.9530201342281879	0.9090909090909091	0.3100821560101161	Ras	False
0.9530201342281879	0.9191919191919192	0.3060581908932464	Ras	False
0.9530201342281879	0.9292929292929293	0.3043281247911726	Ras	False
0.959731543624161	0.9292929292929293	0.2807808205632624	Ras	False
0.9664429530201343	0.9292929292929293	0.2778360205488435	Ras	False
0.9664429530201343	0.9393939393939394	0.2771958367256685	Ras	False
0.9731543624161074	0.9393939393939394	0.2728212851153193	Ras	False
0.9798657718120806	0.9393939393939394	0.2682827613649	Ras	False
0.9798657718120806	0.9494949494949495	0.2502319663773323	Ras	False
0.9865771812080537	0.9494949494949495	0.23612884875404935	Ras	False
0.9865771812080537	0.9595959595959596	0.20792580303784086	Ras	False
0.9865771812080537	0.9696969696969697	0.20465912604900907	Ras	False
0.9865771812080537	0.9797979797979798	0.17991449181230856	Ras	False
0.9865771812080537	0.98989898989899	0.1791892313413839	Ras	False
0.9932885906040269	0.98989898989899	0.1400351547599587	Ras	False
1.0	0.98989898989899	0.11000060302293067	Ras	False
1.0	1.0	0.08893644682129935	Ras	False
0.0	0.0	1.871321755924336	Ras	True
0.006711409395973154	0.0	0.8713217559243361	Ras	True
0.013422818791946308	0.0	0.8634817797993577	Ras	True
0.020134228187919462	0.0	0.8497859119943895	Ras	True
0.026845637583892617	0.0	0.7900601475920035	Ras	True
0.03355704697986577	0.0	0.7824489025751978	Ras	True
0.040268456375838924	0.0	0.7763954145524167	Ras	True
0.04697986577181208	0.0	0.7746873439496663	Ras	True
0.04697986577181208	0.010101010101010102	0.7562389037493821	Ras	True
0.04697986577181208	0.020202020202020204	0.7508752489533416	Ras	True
0.053691275167785234	0.020202020202020204	0.7484851144862696	Ras	True
0.06040268456375839	0.020202020202020204	0.7414553202718943	Ras	True
0.06711409395973154	0.020202020202020204	0.7338687815955338	Ras	True
0.06711409395973154	0.030303030303030304	0.7324356258714382	Ras	True
0.0738255033557047	0.030303030303030304	0.7260425792787787	Ras	True
0.08053691275167785	0.030303030303030304	0.7172466193989999	Ras	True
0.087248322147651	0.030303030303030304	0.7011949694405198	Ras	True
0.087248322147651	0.04040404040404041	0.6950711246039776	Ras	True
0.087248322147651	0.050505050505050504	0.6900866502555086	Ras	True
0.087248322147651	0.06060606060606061	0.6866253972012496	Ras	True
0.09395973154362416	0.06060606060606061	0.6705841165859789	Ras	True
0.10067114093959731	0.06060606060606061	0.6686785608024164	Ras	True
0.10738255033557047	0.06060606060606061	0.6669837087893346	Ras	True
0.11409395973154363	0.06060606060606061	0.6651104144344517	Ras	True
0.11409395973154363	0.0707070707070707	0.6648560395967779	Ras	True
0.11409395973154363	0.08080808080808081	0.6634441463836543	Ras	True
0.12080536912751678	0.08080808080808081	0.6573160874374184	Ras	True
0.12080536912751678	0.09090909090909091	0.6462514840211261	Ras	True
0.12080536912751678	0.10101010101010101	0.6442460380384116	Ras	True
0.12080536912751678	0.1111111111111111	0.6415639264804308	Ras	True
0.12751677852348994	0.1111111111111111	0.6352817852648137	Ras	True
0.1342281879194631	0.1111111111111111	0.6348033879164838	Ras	True
0.1342281879194631	0.12121212121212122	0.6288803513594847	Ras	True
0.14093959731543623	0.12121212121212122	0.6263859718807739	Ras	True
0.14093959731543623	0.13131313131313133	0.6252841191525017	Ras	True
0.14093959731543623	0.1414141414141414	0.6195821144732087	Ras	True
0.14093959731543623	0.15151515151515152	0.6187537629041029	Ras	True
0.14093959731543623	0.16161616161616163	0.6186182675674579	Ras	True
0.14093959731543623	0.1717171717171717	0.6167421104724591	Ras	True
0.14093959731543623	0.18181818181818182	0.6144058120051128	Ras	True
0.1476510067114094	0.18181818181818182	0.6143881980238872	Ras	True
0.15436241610738255	0.18181818181818182	0.6135785868794336	Ras	True
0.1610738255033557	0.18181818181818182	0.6074364618861172	Ras	True
0.16778523489932887	0.18181818181818182	0.6072720711874211	Ras	True
0.16778523489932887	0.1919191919191919	0.605802324595716	Ras	True
0.174496644295302	0.1919191919191919	0.6056997320046141	Ras	True
0.18120805369127516	0.1919191919191919	0.6031294578326701	Ras	True
0.18791946308724833	0.1919191919191919	0.6030098516193981	Ras	True
0.19463087248322147	0.1919191919191919	0.6023125405009571	Ras	True
0.20134228187919462	0.1919191919191919	0.600616360745822	Ras	True
0.20134228187919462	0.20202020202020202	0.6002242917023604	Ras	True
0.2080536912751678	0.20202020202020202	0.5993496546146412	Ras	True
0.21476510067114093	0.20202020202020202	0.5989275379910912	Ras	True
0.21476510067114093	0.21212121212121213	0.5956996934470101	Ras	True
0.2214765100671141	0.21212121212121213	0.5925557154542809	Ras	True
0.22818791946308725	0.21212121212121213	0.5924639014467549	Ras	True
0.22818791946308725	0.2222222222222222	0.5912064352029032	Ras	True
0.2348993288590604	0.2222222222222222	0.5906153638005538	Ras	True
0.24161073825503357	0.2222222222222222	0.5892233082233577	Ras	True
0.2483221476510067	0.2222222222222222	0.5868879395476777	Ras	True
0.2550335570469799	0.2222222222222222	0.5868611684218661	Ras	True
0.26174496644295303	0.2222222222222222	0.584832955964152	Ras	True
0.2684563758389262	0.2222222222222222	0.5847126338422356	Ras	True
0.2684563758389262	0.23232323232323232	0.5806515173186103	Ras	True
0.2751677852348993	0.23232323232323232	0.5790298300878369	Ras	True
0.2751677852348993	0.24242424242424243	0.575383657182135	Ras	True
0.28187919463087246	0.24242424242424243	0.5723728221760688	Ras	True
0.28859060402684567	0.24242424242424243	0.571618940845818	Ras	True
0.2953020134228188	0.24242424242424243	0.5710356078849649	Ras	True
0.2953020134228188	0.25252525252525254	0.5669373156922838	Ras	True
0.2953020134228188	0.26262626262626265	0.5662614074058919	Ras	True
0.30201342281879195	0.26262626262626265	0.562564665216557	Ras	True
0.3087248322147651	0.26262626262626265	0.5595199659405911	Ras	True
0.31543624161073824	0.26262626262626265	0.5589645344813591	Ras	True
0.31543624161073824	0.2727272727272727	0.5586385906017486	Ras	True
0.31543624161073824	0.2828282828282828	0.5506877725692263	Ras	True
0.31543624161073824	0.29292929292929293	0.5493245831165424	Ras	True
0.3221476510067114	0.29292929292929293	0.5485327803515573	Ras	True
0.3221476510067114	0.30303030303030304	0.5467757365502759	Ras	True
0.3288590604026846	0.30303030303030304	0.5457137485433622	Ras	True
0.3288590604026846	0.31313131313131315	0.5453052580690223	Ras	True
0.3288590604026846	0.32323232323232326	0.5430756750833386	Ras	True
0.33557046979865773	0.32323232323232326	0.5417138447858576	Ras	True
0.3422818791946309	0.32323232323232326	0.5416207979331552	Ras	True
0.3422818791946309	0.3333333333333333	0.5400716223707273	Ras	True
0.348993288590604	0.3333333333333333	0.5399635484419616	Ras	True
0.35570469798657717	0.3333333333333333	0.5384425489735308	Ras	True
0.3624161073825503	0.3333333333333333	0.5381111697987225	Ras	True
0.3691275167785235	0.3333333333333333	0.5369793383683646	Ras	True
0.37583892617449666	0.3333333333333333	0.5362563310802201	Ras	True
0.37583892617449666	0.3434343434343434	0.5336754803408913	Ras	True
0.37583892617449666	0.35353535353535354	0.5315960549552274	Ras	True
0.3825503355704698	0.35353535353535354	0.5307846498049053	Ras	True
0.38926174496644295	0.35353535353535354	0.5305032125556757	Ras	True
0.3959731543624161	0.35353535353535354	0.5299362759857071	Ras	True
0.3959731543624161	0.36363636363636365	0.5298500842953594	Ras	True
0.3959731543624161	0.37373737373737376	0.5290258183020696	Ras	True
0.40268456375838924	0.37373737373737376	0.5275498486436149	Ras	True
0.40939597315436244	0.37373737373737376	0.5271014412173117	Ras	True
0.4161073825503356	0.37373737373737376	0.526858857382819	Ras	True
0.4228187919463087	0.37373737373737376	0.5267301956616165	Ras	True
0.42953020134228187	0.37373737373737376	0.5255663258542347	Ras	True
0.436241610738255	0.37373737373737376	0.5241438486902136	Ras	True
0.436241610738255	0.3838383838383838	0.5227202903527796	Ras	True
0.436241610738255	0.3939393939393939	0.5209323156418124	Ras	True
0.4429530201342282	0.3939393939393939	0.5199669076204764	Ras	True
0.44966442953020136	0.3939393939393939	0.5185255397320597	Ras	True
0.44966442953020136	0.40404040404040403	0.5182988625325077	Ras	True
0.4563758389261745	0.40404040404040403	0.5172411287813563	Ras	True
0.4563758389261745	0.41414141414141414	0.5165592985880366	Ras	True
0.46308724832214765	0.41414141414141414	0.5152660594872036	Ras	True
0.46308724832214765	0.42424242424242425	0.5150423955142892	Ras	True
0.46308724832214765	0.43434343434343436	0.5149848912782498	Ras	True
0.4697986577181208	0.43434343434343436	0.5136570543655695	Ras	True
0.4697986577181208	0.4444444444444444	0.5134050492451651	Ras	True
0.47651006711409394	0.4444444444444444	0.5117728440747212	Ras	True
0.48322147651006714	0.4444444444444444	0.5113851511537381	Ras	True
0.4899328859060403	0.4444444444444444	0.5112874215944333	Ras	True
0.4966442953020134	0.4444444444444444	0.5076778897070279	Ras	True
0.5033557046979866	0.4444444444444444	0.5070077824530511	Ras	True
0.5100671140939598	0.4444444444444444	0.5064763697172316	Ras	True
0.5167785234899329	0.4444444444444444	0.5060548082303676	Ras	True
0.5167785234899329	0.45454545454545453	0.5055211683520109	Ras	True
0.5234899328859061	0.45454545454545453	0.5043269560050804	Ras	True
0.5302013422818792	0.45454545454545453	0.504266269335499	Ras	True
0.5369127516778524	0.45454545454545453	0.5041388850901795	Ras	True
0.5436241610738255	0.45454545454545453	0.5040031501980069	Ras	True
0.5503355704697986	0.45454545454545453	0.5038769731295965	Ras	True
0.5503355704697986	0.46464646464646464	0.5032705489298253	Ras	True
0.5503355704697986	0.47474747474747475	0.5009684232934026	Ras	True
0.5503355704697986	0.48484848484848486	0.4999565527391327	Ras	True
0.5570469798657718	0.48484848484848486	0.4987571925203058	Ras	True
0.5570469798657718	0.494949494949495	0.4979729921294002	Ras	True
0.5570469798657718	0.5050505050505051	0.4964495798881253	Ras	True
0.5570469798657718	0.5151515151515151	0.4952283420695845	Ras	True
0.5637583892617449	0.5151515151515151	0.4944899592642992	Ras	True
0.5704697986577181	0.5151515151515151	0.4929449533924799	Ras	True
0.5771812080536913	0.5151515151515151	0.4922642587403794	Ras	True
0.5838926174496645	0.5151515151515151	0.4900418343052736	Ras	True
0.5906040268456376	0.5151515151515151	0.4893453167878693	Ras	True
0.5906040268456376	0.5252525252525253	0.48791525884791703	Ras	True
0.5906040268456376	0.5353535353535354	0.4840871263689372	Ras	True
0.5973154362416108	0.5353535353535354	0.482599468580506	Ras	True
0.6040268456375839	0.5353535353535354	0.4821717447980844	Ras	True
0.610738255033557	0.5353535353535354	0.48163402318099996	Ras	True
0.6174496644295302	0.5353535353535354	0.4813703793837405	Ras	True
0.6241610738255033	0.5353535353535354	0.4791649350620998	Ras	True
0.6241610738255033	0.5454545454545454	0.4786172205784695	Ras	True
0.6241610738255033	0.5555555555555556	0.4775099971913961	Ras	True
0.6241610738255033	0.5656565656565656	0.4759523437165925	Ras	True
0.6241610738255033	0.5757575757575758	0.4750868956746782	Ras	True
0.6308724832214765	0.5757575757575758	0.4750379931288711	Ras	True
0.6308724832214765	0.5858585858585859	0.4745795646169496	Ras	True
0.6375838926174496	0.5858585858585859	0.4744356444443249	Ras	True
0.6442953020134228	0.5858585858585859	0.4733046866233927	Ras	True
0.6510067114093959	0.5858585858585859	0.4721872136944637	Ras	True
0.6577181208053692	0.5858585858585859	0.4683396196454042	Ras	True
0.6577181208053692	0.5959595959595959	0.4652423543101458	Ras	True
0.6577181208053692	0.6060606060606061	0.4623893669738667	Ras	True
0.6644295302013423	0.6060606060606061	0.4612752328023035	Ras	True
0.6644295302013423	0.6161616161616161	0.4600505681175484	Ras	True
0.6711409395973155	0.6161616161616161	0.4578824437844334	Ras	True
0.6711409395973155	0.6262626262626263	0.4578382302941514	Ras	True
0.6778523489932886	0.6262626262626263	0.4565908504188824	Ras	True
0.6778523489932886	0.6363636363636364	0.4556998502080188	Ras	True
0.6845637583892618	0.6363636363636364	0.4530707020991078	Ras	True
0.6845637583892618	0.6464646464646465	0.4526829597229696	Ras	True
0.6912751677852349	0.6464646464646465	0.44934921017155904	Ras	True
0.6912751677852349	0.6565656565656566	0.44763739467583546	Ras	True
0.697986577181208	0.6565656565656566	0.4471270864895503	Ras	True
0.7046979865771812	0.6565656565656566	0.4465117726186542	Ras	True
0.7114093959731543	0.6565656565656566	0.44431632154308254	Ras	True
0.7181208053691275	0.6565656565656566	0.4376342536071645	Ras	True
0.7248322147651006	0.6565656565656566	0.4340922543310438	Ras	True
0.7248322147651006	0.6666666666666666	0.4336014067570305	Ras	True
0.7315436241610739	0.6666666666666666	0.4324069471373515	Ras	True
0.738255033557047	0.6666666666666666	0.431145805421704	Ras	True
0.738255033557047	0.6767676767676768	0.4308668670964101	Ras	True
0.7449664429530202	0.6767676767676768	0.4287609410762608	Ras	True
0.7516778523489933	0.6767676767676768	0.4277598054899968	Ras	True
0.7583892617449665	0.6767676767676768	0.4276964856643458	Ras	True
0.7583892617449665	0.6868686868686869	0.4267398019158991	Ras	True
0.7651006711409396	0.6868686868686869	0.4266207249926007	Ras	True
0.7718120805369127	0.6868686868686869	0.4240391353241157	Ras	True
0.7718120805369127	0.696969696969697	0.4179013883927992	Ras	True
0.7785234899328859	0.696969696969697	0.4177972465730576	Ras	True
0.785234899328859	0.696969696969697	0.41416482925614817	Ras	True
0.7919463087248322	0.696969696969697	0.4139185012389936	Ras	True
0.7919463087248322	0.7070707070707071	0.4136509997519412	Ras	True
0.7986577181208053	0.7070707070707071	0.4120366439080613	Ras	True
0.8053691275167785	0.7070707070707071	0.4112608087584989	Ras	True
0.8053691275167785	0.7171717171717171	0.4110183098932425	Ras	True
0.8053691275167785	0.7272727272727273	0.4107514321334334	Ras	True
0.8053691275167785	0.7373737373737373	0.41011332168381065	Ras	True
0.8053691275167785	0.7474747474747475	0.4069459084842226	Ras	True
0.8120805369127517	0.7474747474747475	0.4058349954681006	Ras	True
0.8120805369127517	0.7575757575757576	0.4046809144811156	Ras	True
0.8187919463087249	0.7575757575757576	0.3999796377949201	Ras	True
0.825503355704698	0.7575757575757576	0.3996078149758991	Ras	True
0.825503355704698	0.7676767676767676	0.3995415603175421	Ras	True
0.8322147651006712	0.7676767676767676	0.3993951193700739	Ras	True
0.8322147651006712	0.7777777777777778	0.3989234939866208	Ras	True
0.8389261744966443	0.7777777777777778	0.3935908348161048	Ras	True
0.8389261744966443	0.7878787878787878	0.3929177891031995	Ras	True
0.8389261744966443	0.797979797979798	0.3910936415517251	Ras	True
0.8389261744966443	0.8080808080808081	0.3875546135958473	Ras	True
0.8456375838926175	0.8080808080808081	0.3843683416546773	Ras	True
0.8523489932885906	0.8080808080808081	0.3805656981016086	Ras	True
0.8590604026845637	0.8080808080808081	0.3755224584726029	Ras	True
0.8657718120805369	0.8080808080808081	0.3743036729778922	Ras	True
0.8657718120805369	0.8181818181818182	0.3711849802039257	Ras	True
0.8657718120805369	0.8282828282828283	0.37082295709704016	Ras	True
0.87248322147651	0.8282828282828283	0.3674944564472543	Ras	True
0.87248322147651	0.8383838383838383	0.3639202417516588	Ras	True
0.87248322147651	0.8484848484848485	0.361560170666209	Ras	True
0.8791946308724832	0.8484848484848485	0.3596447474636163	Ras	True
0.8791946308724832	0.8585858585858586	0.3509024797028359	Ras	True
0.8859060402684564	0.8585858585858586	0.3499324192195279	Ras	True
0.8926174496644296	0.8585858585858586	0.34962138290049866	Ras	True
0.8926174496644296	0.8686868686868687	0.34404201654720684	Ras	True
0.8993288590604027	0.8686868686868687	0.34207483782391124	Ras	True
0.8993288590604027	0.8787878787878788	0.34137318283745965	Ras	True
0.9060402684563759	0.8787878787878788	0.3412993268967329	Ras	True
0.9060402684563759	0.8888888888888888	0.3351566983698007	Ras	True
0.912751677852349	0.8888888888888888	0.3344103924934931	Ras	True
0.9194630872483222	0.8888888888888888	0.33202439603680106	Ras	True
0.9194630872483222	0.898989898989899	0.3313599015463745	Ras	True
0.9261744966442953	0.898989898989899	0.32812088199178996	Ras	True
0.9261744966442953	0.9090909090909091	0.32694276681402273	Ras	True
0.9261744966442953	0.9191919191919192	0.32366514632832866	Ras	True
0.9328859060402684	0.9191919191919192	0.3169900459233189	Ras	True
0.9395973154362416	0.9191919191919192	0.3169239945029309	Ras	True
0.9395973154362416	0.9292929292929293	0.3119755708117513	Ras	True
0.9395973154362416	0.9393939393939394	0.3038145798326856	Ras	True
0.9395973154362416	0.9494949494949495	0.3011026486438724	Ras	True
0.9395973154362416	0.9595959595959596	0.3007494054420258	Ras	True
0.9463087248322147	0.9595959595959596	0.2976846407674258	Ras	True
0.9463087248322147	0.9696969696969697	0.2700719350435367	Ras	True
0.9463087248322147	0.9797979797979798	0.2661551387400592	Ras	True
0.9530201342281879	0.9797979797979798	0.2623740758644337	Ras	True
0.959731543624161	0.9797979797979798	0.2618530246299156	Ras	True
0.9664429530201343	0.9797979797979798	0.2534994573296528	Ras	True
0.9731543624161074	0.9797979797979798	0.2380861765661229	Ras	True
0.9731543624161074	0.98989898989899	0.23310234317275266	Ras	True
0.9798657718120806	0.98989898989899	0.23302604778980976	Ras	True
0.9865771812080537	0.98989898989899	0.2262322440858072	Ras	True
0.9932885906040269	0.98989898989899	0.22324342761650096	Ras	True
0.9932885906040269	1.0	0.17496131697631304	Ras	True
1.0	1.0	0.10875724850548522	Ras	True
0.0	0.0	1.9567956244187115	NF1	False
0.0049261083743842365	0.0	0.9567956244187116	NF1	False
0.0049261083743842365	0.022222222222222223	0.8093305977936704	NF1	False
0.009852216748768473	0.022222222222222223	0.8030433316311542	NF1	False
0.009852216748768473	0.044444444444444446	0.7578647577607669	NF1	False
0.014778325123152709	0.044444444444444446	0.727737539486022	NF1	False
0.019704433497536946	0.044444444444444446	0.7196750702091027	NF1	False
0.019704433497536946	0.06666666666666667	0.7148279178263326	NF1	False
0.019704433497536946	0.08888888888888889	0.6993707022167767	NF1	False
0.019704433497536946	0.1111111111111111	0.6875738766606512	NF1	False
0.024630541871921183	0.1111111111111111	0.6627989466417241	NF1	False
0.024630541871921183	0.13333333333333333	0.6507168937915527	NF1	False
0.029556650246305417	0.13333333333333333	0.648293525695996	NF1	False
0.029556650246305417	0.15555555555555556	0.6438543800677651	NF1	False
0.029556650246305417	0.17777777777777778	0.633402250993211	NF1	False
0.034482758620689655	0.17777777777777778	0.625129514404161	NF1	False
0.034482758620689655	0.2	0.622614761432151	NF1	False
0.03940886699507389	0.2	0.6221477459148496	NF1	False
0.03940886699507389	0.2222222222222222	0.6205735004269597	NF1	False
0.03940886699507389	0.24444444444444444	0.6201105002760279	NF1	False
0.03940886699507389	0.26666666666666666	0.6195042558410787	NF1	False
0.03940886699507389	0.28888888888888886	0.619110311705027	NF1	False
0.04433497536945813	0.28888888888888886	0.6043509594249458	NF1	False
0.04926108374384237	0.28888888888888886	0.6010269197015066	NF1	False
0.04926108374384237	0.3111111111111111	0.6009446976213859	NF1	False
0.04926108374384237	0.3333333333333333	0.5990761064728594	NF1	False
0.04926108374384237	0.35555555555555557	0.5970474098912316	NF1	False
0.054187192118226604	0.35555555555555557	0.5917568232198563	NF1	False
0.054187192118226604	0.37777777777777777	0.5917057635657008	NF1	False
0.059113300492610835	0.37777777777777777	0.5908537010736031	NF1	False
0.06403940886699508	0.37777777777777777	0.5842065666449898	NF1	False
0.06403940886699508	0.4	0.5772263839771726	NF1	False
0.06896551724137931	0.4	0.5753225056113271	NF1	False
0.07389162561576355	0.4	0.5701577628019697	NF1	False
0.07881773399014778	0.4	0.5692624399961382	NF1	False
0.08374384236453201	0.4	0.5692186030706395	NF1	False
0.08374384236453201	0.4222222222222222	0.5663420590705889	NF1	False
0.08374384236453201	0.4444444444444444	0.5624886383506289	NF1	False
0.08374384236453201	0.4666666666666667	0.5593025322999589	NF1	False
0.08374384236453201	0.4888888888888889	0.5587526504402367	NF1	False
0.08374384236453201	0.5111111111111111	0.5583298105228017	NF1	False
0.08866995073891626	0.5111111111111111	0.5571828054865693	NF1	False
0.09359605911330049	0.5111111111111111	0.5546091031943076	NF1	False
0.09359605911330049	0.5333333333333333	0.5545831782340365	NF1	False
0.09852216748768473	0.5333333333333333	0.5519422214772315	NF1	False
0.10344827586206896	0.5333333333333333	0.5502013368335295	NF1	False
0.10837438423645321	0.5333333333333333	0.5481757755475472	NF1	False
0.11330049261083744	0.5333333333333333	0.5468688307192735	NF1	False
0.11330049261083744	0.5555555555555556	0.5460760506591122	NF1	False
0.11330049261083744	0.5777777777777777	0.5452549390869343	NF1	False
0.11822660098522167	0.5777777777777777	0.5441161518862936	NF1	False
0.11822660098522167	0.6	0.5437112611630504	NF1	False
0.12315270935960591	0.6	0.542996855676219	NF1	False
0.12315270935960591	0.6222222222222222	0.5424760127991111	NF1	False
0.12315270935960591	0.6444444444444445	0.5413724726665369	NF1	False
0.12315270935960591	0.6666666666666666	0.5390331374976414	NF1	False
0.12807881773399016	0.6666666666666666	0.5374215945528623	NF1	False
0.1330049261083744	0.6666666666666666	0.5370104512700294	NF1	False
0.13793103448275862	0.6666666666666666	0.5368904692518465	NF1	False
0.13793103448275862	0.6888888888888889	0.5364930404671645	NF1	False
0.14285714285714285	0.6888888888888889	0.5363285969575503	NF1	False
0.1477832512315271	0.6888888888888889	0.5342406465211642	NF1	False
0.1477832512315271	0.7111111111111111	0.5315861029370871	NF1	False
0.15270935960591134	0.7111111111111111	0.5299891662866728	NF1	False
0.15763546798029557	0.7111111111111111	0.5283395577602744	NF1	False
0.1625615763546798	0.7111111111111111	0.5260134102480182	NF1	False
0.16748768472906403	0.7111111111111111	0.5238646203113365	NF1	False
0.1724137931034483	0.7111111111111111	0.5226632044548337	NF1	False
0.17733990147783252	0.7111111111111111	0.5219409185361304	NF1	False
0.18226600985221675	0.7111111111111111	0.5218010380808921	NF1	False
0.18719211822660098	0.7111111111111111	0.521642755681697	NF1	False
0.1921182266009852	0.7111111111111111	0.5212537646705092	NF1	False
0.1921182266009852	0.7333333333333333	0.5210637723240579	NF1	False
0.19704433497536947	0.7333333333333333	0.5209912443411154	NF1	False
0.2019704433497537	0.7333333333333333	0.5205244504459566	NF1	False
0.20689655172413793	0.7333333333333333	0.5204797338633679	NF1	False
0.21182266009852216	0.7333333333333333	0.5166982119063549	NF1	False
0.21182266009852216	0.7555555555555555	0.5164401380390164	NF1	False
0.21674876847290642	0.7555555555555555	0.5160662726167853	NF1	False
0.22167487684729065	0.7555555555555555	0.5158583647433361	NF1	False
0.22660098522167488	0.7555555555555555	0.5157163136981865	NF1	False
0.2315270935960591	0.7555555555555555	0.5153213798611299	NF1	False
0.23645320197044334	0.7555555555555555	0.5147017638027934	NF1	False
0.2413793103448276	0.7555555555555555	0.5143967519139793	NF1	False
0.24630541871921183	0.7555555555555555	0.5142705834325727	NF1	False
0.2512315270935961	0.7555555555555555	0.5123749471104602	NF1	False
0.2561576354679803	0.7555555555555555	0.5105364798616329	NF1	False
0.26108374384236455	0.7555555555555555	0.5105101970896725	NF1	False
0.2660098522167488	0.7555555555555555	0.5074925548217091	NF1	False
0.2660098522167488	0.7777777777777778	0.5068718888216383	NF1	False
0.270935960591133	0.7777777777777778	0.5067629914831143	NF1	False
0.27586206896551724	0.7777777777777778	0.5051788500280744	NF1	False
0.28078817733990147	0.7777777777777778	0.5051382292463932	NF1	False
0.2857142857142857	0.7777777777777778	0.5047709828430106	NF1	False
0.29064039408866993	0.7777777777777778	0.5042160487731666	NF1	False
0.2955665024630542	0.7777777777777778	0.5039243673879654	NF1	False
0.30049261083743845	0.7777777777777778	0.5038025955941366	NF1	False
0.3054187192118227	0.7777777777777778	0.5035503609670848	NF1	False
0.3103448275862069	0.7777777777777778	0.5016991576898501	NF1	False
0.31527093596059114	0.7777777777777778	0.5003053917933683	NF1	False
0.31527093596059114	0.8	0.5001896687017683	NF1	False
0.32019704433497537	0.8	0.5001501585508346	NF1	False
0.3251231527093596	0.8	0.4990353278633988	NF1	False
0.33004926108374383	0.8	0.4985927935616136	NF1	False
0.33497536945812806	0.8	0.4981788327704093	NF1	False
0.33497536945812806	0.8222222222222222	0.4977156188536655	NF1	False
0.3399014778325123	0.8222222222222222	0.4974834775088408	NF1	False
0.3448275862068966	0.8222222222222222	0.49710768572007996	NF1	False
0.3497536945812808	0.8222222222222222	0.4961879273789512	NF1	False
0.35467980295566504	0.8222222222222222	0.4959344840013397	NF1	False
0.35960591133004927	0.8222222222222222	0.4948373266554376	NF1	False
0.35960591133004927	0.8444444444444444	0.4946264153263975	NF1	False
0.3645320197044335	0.8444444444444444	0.4942636617763677	NF1	False
0.3694581280788177	0.8444444444444444	0.4942332796207937	NF1	False
0.3694581280788177	0.8666666666666667	0.4941490934895944	NF1	False
0.37438423645320196	0.8666666666666667	0.4938469855640086	NF1	False
0.3793103448275862	0.8666666666666667	0.4925095511884713	NF1	False
0.3842364532019704	0.8666666666666667	0.4925041896838794	NF1	False
0.3891625615763547	0.8666666666666667	0.4905328306839237	NF1	False
0.39408866995073893	0.8666666666666667	0.4888901649836085	NF1	False
0.39408866995073893	0.8888888888888888	0.4880948897001993	NF1	False
0.39901477832512317	0.8888888888888888	0.4875713692362154	NF1	False
0.4039408866995074	0.8888888888888888	0.4873936736360941	NF1	False
0.4088669950738916	0.8888888888888888	0.4861249408231453	NF1	False
0.41379310344827586	0.8888888888888888	0.4852556178566719	NF1	False
0.4187192118226601	0.8888888888888888	0.4852331049749363	NF1	False
0.4236453201970443	0.8888888888888888	0.4835746186750114	NF1	False
0.42857142857142855	0.8888888888888888	0.4835679544162702	NF1	False
0.43349753694581283	0.8888888888888888	0.4818622884538834	NF1	False
0.43842364532019706	0.8888888888888888	0.4812546899704701	NF1	False
0.4433497536945813	0.8888888888888888	0.4810940008515986	NF1	False
0.4482758620689655	0.8888888888888888	0.480809216508284	NF1	False
0.45320197044334976	0.8888888888888888	0.4807788880680393	NF1	False
0.458128078817734	0.8888888888888888	0.4793869362525931	NF1	False
0.4630541871921182	0.8888888888888888	0.4792465174317511	NF1	False
0.4630541871921182	0.9111111111111111	0.4792204511963321	NF1	False
0.46798029556650245	0.9111111111111111	0.4786138029859158	NF1	False
0.4729064039408867	0.9111111111111111	0.478545408040399	NF1	False
0.47783251231527096	0.9111111111111111	0.4784931354260577	NF1	False
0.4827586206896552	0.9111111111111111	0.4779583881927399	NF1	False
0.4876847290640394	0.9111111111111111	0.477756615432449	NF1	False
0.49261083743842365	0.9111111111111111	0.4774929271271608	NF1	False
0.4975369458128079	0.9111111111111111	0.4763830295152758	NF1	False
0.5024630541871922	0.9111111111111111	0.4755424196493143	NF1	False
0.5073891625615764	0.9111111111111111	0.474215127507048	NF1	False
0.5123152709359606	0.9111111111111111	0.4740392655141695	NF1	False
0.5172413793103449	0.9111111111111111	0.4731572982864818	NF1	False
0.5221674876847291	0.9111111111111111	0.4730208984965768	NF1	False
0.5270935960591133	0.9111111111111111	0.4726243760438796	NF1	False
0.5320197044334976	0.9111111111111111	0.47213514384307204	NF1	False
0.5369458128078818	0.9111111111111111	0.4721164908695291	NF1	False
0.541871921182266	0.9111111111111111	0.4719823981481507	NF1	False
0.5467980295566502	0.9111111111111111	0.4711140482540873	NF1	False
0.5517241379310345	0.9111111111111111	0.4709262235905578	NF1	False
0.5566502463054187	0.9111111111111111	0.4704244692449678	NF1	False
0.5615763546798029	0.9111111111111111	0.4703759789426201	NF1	False
0.5665024630541872	0.9111111111111111	0.4697524144147594	NF1	False
0.5714285714285714	0.9111111111111111	0.4691890126931305	NF1	False
0.5763546798029556	0.9111111111111111	0.4688089285304488	NF1	False
0.5812807881773399	0.9111111111111111	0.4674389474697338	NF1	False
0.5862068965517241	0.9111111111111111	0.4660081931005781	NF1	False
0.5911330049261084	0.9111111111111111	0.4655176523357243	NF1	False
0.5960591133004927	0.9111111111111111	0.4652982564450518	NF1	False
0.6009852216748769	0.9111111111111111	0.4647907204272769	NF1	False
0.6059113300492611	0.9111111111111111	0.4634984897075133	NF1	False
0.6108374384236454	0.9111111111111111	0.4625624281560533	NF1	False
0.6157635467980296	0.9111111111111111	0.4613061248233249	NF1	False
0.6206896551724138	0.9111111111111111	0.4611284945356239	NF1	False
0.625615763546798	0.9111111111111111	0.4605753953639176	NF1	False
0.6305418719211823	0.9111111111111111	0.4603376555126756	NF1	False
0.6354679802955665	0.9111111111111111	0.4603029351968378	NF1	False
0.6403940886699507	0.9111111111111111	0.460267469526072	NF1	False
0.645320197044335	0.9111111111111111	0.4598491075984383	NF1	False
0.6502463054187192	0.9111111111111111	0.4597668819250752	NF1	False
0.6551724137931034	0.9111111111111111	0.4591151923342744	NF1	False
0.6600985221674877	0.9111111111111111	0.45911101415070504	NF1	False
0.6650246305418719	0.9111111111111111	0.4585090632677674	NF1	False
0.6699507389162561	0.9111111111111111	0.4577669778887232	NF1	False
0.6748768472906403	0.9111111111111111	0.4560549758345988	NF1	False
0.6748768472906403	0.9333333333333333	0.4555686431553377	NF1	False
0.6798029556650246	0.9333333333333333	0.4555362832421106	NF1	False
0.6847290640394089	0.9333333333333333	0.4547429016578486	NF1	False
0.6896551724137931	0.9333333333333333	0.4544273865109256	NF1	False
0.6945812807881774	0.9333333333333333	0.4542548943701443	NF1	False
0.6945812807881774	0.9555555555555556	0.4540576349322871	NF1	False
0.6995073891625616	0.9555555555555556	0.4540118379960626	NF1	False
0.7044334975369458	0.9555555555555556	0.4531735133228447	NF1	False
0.7093596059113301	0.9555555555555556	0.4516275026771341	NF1	False
0.7142857142857143	0.9555555555555556	0.4505838645041672	NF1	False
0.7192118226600985	0.9555555555555556	0.4501810798765327	NF1	False
0.7241379310344828	0.9555555555555556	0.4495313399350931	NF1	False
0.729064039408867	0.9555555555555556	0.4492760714358573	NF1	False
0.7339901477832512	0.9555555555555556	0.4490438282765723	NF1	False
0.7389162561576355	0.9555555555555556	0.4480848734730398	NF1	False
0.7438423645320197	0.9555555555555556	0.4477493485964499	NF1	False
0.7487684729064039	0.9555555555555556	0.4459721417902023	NF1	False
0.7536945812807881	0.9555555555555556	0.44400333069431136	NF1	False
0.7586206896551724	0.9555555555555556	0.44379115800042856	NF1	False
0.7635467980295566	0.9555555555555556	0.44232093118791055	NF1	False
0.7684729064039408	0.9555555555555556	0.4415088353444408	NF1	False
0.7733990147783252	0.9555555555555556	0.4413022639576853	NF1	False
0.7783251231527094	0.9555555555555556	0.4408609919036025	NF1	False
0.7832512315270936	0.9555555555555556	0.43888241656320093	NF1	False
0.7881773399014779	0.9555555555555556	0.4386027980354629	NF1	False
0.7931034482758621	0.9555555555555556	0.4379777902280835	NF1	False
0.7980295566502463	0.9555555555555556	0.4375814725372497	NF1	False
0.8029556650246306	0.9555555555555556	0.43622978710764826	NF1	False
0.8078817733990148	0.9555555555555556	0.4319438630111084	NF1	False
0.812807881773399	0.9555555555555556	0.43193467480155895	NF1	False
0.8177339901477833	0.9555555555555556	0.4312025831061357	NF1	False
0.8226600985221675	0.9555555555555556	0.4287490912290869	NF1	False
0.8226600985221675	0.9777777777777777	0.4284385712809935	NF1	False
0.8275862068965517	0.9777777777777777	0.4279323580606685	NF1	False
0.8325123152709359	0.9777777777777777	0.4275076719769686	NF1	False
0.8374384236453202	0.9777777777777777	0.4273163579419974	NF1	False
0.8423645320197044	0.9777777777777777	0.4262985834718188	NF1	False
0.8472906403940886	0.9777777777777777	0.42575357227633853	NF1	False
0.8522167487684729	0.9777777777777777	0.425069797486845	NF1	False
0.8571428571428571	0.9777777777777777	0.4229689231638041	NF1	False
0.8620689655172413	0.9777777777777777	0.4217384360948737	NF1	False
0.8669950738916257	0.9777777777777777	0.4211693768135743	NF1	False
0.8719211822660099	0.9777777777777777	0.419510820827432	NF1	False
0.8768472906403941	0.9777777777777777	0.4179889575507194	NF1	False
0.8817733990147784	0.9777777777777777	0.4161703514145795	NF1	False
0.8866995073891626	0.9777777777777777	0.41612339971013773	NF1	False
0.8916256157635468	0.9777777777777777	0.4153009543030785	NF1	False
0.896551724137931	0.9777777777777777	0.4139687679913919	NF1	False
0.9014778325123153	0.9777777777777777	0.4096007243575696	NF1	False
0.9064039408866995	0.9777777777777777	0.4078468144841139	NF1	False
0.9113300492610837	0.9777777777777777	0.4058003215614453	NF1	False
0.916256157635468	0.9777777777777777	0.4056022293715304	NF1	False
0.9211822660098522	0.9777777777777777	0.3998007178597139	NF1	False
0.9261083743842364	0.9777777777777777	0.3984027258590392	NF1	False
0.9310344827586207	0.9777777777777777	0.3889429470039249	NF1	False
0.9359605911330049	0.9777777777777777	0.3869280047879954	NF1	False
0.9408866995073891	0.9777777777777777	0.3849005415387538	NF1	False
0.9458128078817734	0.9777777777777777	0.383347679709254	NF1	False
0.9507389162561576	0.9777777777777777	0.3825427238525536	NF1	False
0.9507389162561576	1.0	0.376876180994059	NF1	False
0.9556650246305419	1.0	0.37678921574659135	NF1	False
0.9605911330049262	1.0	0.3706299551581461	NF1	False
0.9655172413793104	1.0	0.3666388017567183	NF1	False
0.9704433497536946	1.0	0.3650194916343853	NF1	False
0.9753694581280788	1.0	0.3644950486087271	NF1	False
0.9802955665024631	1.0	0.3605077060549743	NF1	False
0.9852216748768473	1.0	0.34362980842284224	NF1	False
0.9901477832512315	1.0	0.33819800766661795	NF1	False
0.9950738916256158	1.0	0.32761188146853343	NF1	False
1.0	1.0	0.3271944207530514	NF1	False
0.0	0.0	1.9107747104785884	NF1	True
0.0049261083743842365	0.0	0.9107747104785884	NF1	True
0.009852216748768473	0.0	0.7542741262757736	NF1	True
0.014778325123152709	0.0	0.6739101825497245	NF1	True
0.019704433497536946	0.0	0.6717205766496397	NF1	True
0.024630541871921183	0.0	0.6693976568551205	NF1	True
0.029556650246305417	0.0	0.6668409636692442	NF1	True
0.034482758620689655	0.0	0.656097299949406	NF1	True
0.03940886699507389	0.0	0.6530597358600991	NF1	True
0.04433497536945813	0.0	0.6491881309690317	NF1	True
0.04926108374384237	0.0	0.6433352971128157	NF1	True
0.054187192118226604	0.0	0.6385880026386304	NF1	True
0.059113300492610835	0.0	0.634854714495593	NF1	True
0.06403940886699508	0.0	0.6316619657898509	NF1	True
0.06896551724137931	0.0	0.6239133915046404	NF1	True
0.07389162561576355	0.0	0.620560375245582	NF1	True
0.07389162561576355	0.022222222222222223	0.6205039570840307	NF1	True
0.07881773399014778	0.022222222222222223	0.6158675708486656	NF1	True
0.08374384236453201	0.022222222222222223	0.6139168907611577	NF1	True
0.08374384236453201	0.044444444444444446	0.611634450339405	NF1	True
0.08866995073891626	0.044444444444444446	0.6110994314389597	NF1	True
0.09359605911330049	0.044444444444444446	0.6055243001872684	NF1	True
0.09852216748768473	0.044444444444444446	0.6052564952704438	NF1	True
0.10344827586206896	0.044444444444444446	0.601849140682832	NF1	True
0.10837438423645321	0.044444444444444446	0.5980659420072654	NF1	True
0.11330049261083744	0.044444444444444446	0.5958601840157391	NF1	True
0.11822660098522167	0.044444444444444446	0.5935098595164063	NF1	True
0.11822660098522167	0.06666666666666667	0.5904496803131221	NF1	True
0.12315270935960591	0.06666666666666667	0.5893120343103071	NF1	True
0.12807881773399016	0.06666666666666667	0.5871210322017214	NF1	True
0.1330049261083744	0.06666666666666667	0.5850540545003405	NF1	True
0.13793103448275862	0.06666666666666667	0.5845340862451822	NF1	True
0.13793103448275862	0.08888888888888889	0.5836537608329883	NF1	True
0.14285714285714285	0.08888888888888889	0.5809175765847041	NF1	True
0.1477832512315271	0.08888888888888889	0.579385232644299	NF1	True
0.15270935960591134	0.08888888888888889	0.5708285617790901	NF1	True
0.15763546798029557	0.08888888888888889	0.5706501459292056	NF1	True
0.1625615763546798	0.08888888888888889	0.5675325977541662	NF1	True
0.16748768472906403	0.08888888888888889	0.5667861138702041	NF1	True
0.16748768472906403	0.1111111111111111	0.5646643805063639	NF1	True
0.1724137931034483	0.1111111111111111	0.5644634828906204	NF1	True
0.1724137931034483	0.13333333333333333	0.564193554061585	NF1	True
0.17733990147783252	0.13333333333333333	0.563639934766678	NF1	True
0.18226600985221675	0.13333333333333333	0.5625406272516972	NF1	True
0.18719211822660098	0.13333333333333333	0.5617254707643999	NF1	True
0.1921182266009852	0.13333333333333333	0.5609593695792927	NF1	True
0.1921182266009852	0.15555555555555556	0.5605607951040911	NF1	True
0.19704433497536947	0.15555555555555556	0.5595222697016808	NF1	True
0.2019704433497537	0.15555555555555556	0.5587028376680109	NF1	True
0.20689655172413793	0.15555555555555556	0.5584103754342318	NF1	True
0.21182266009852216	0.15555555555555556	0.5561824890260845	NF1	True
0.21674876847290642	0.15555555555555556	0.5555929762394644	NF1	True
0.22167487684729065	0.15555555555555556	0.5535808682382768	NF1	True
0.22660098522167488	0.15555555555555556	0.5501629657562186	NF1	True
0.2315270935960591	0.15555555555555556	0.5499554632871204	NF1	True
0.2315270935960591	0.17777777777777778	0.5499223485820129	NF1	True
0.23645320197044334	0.17777777777777778	0.547670647708853	NF1	True
0.23645320197044334	0.2	0.543824441638276	NF1	True
0.2413793103448276	0.2	0.5428856512661457	NF1	True
0.24630541871921183	0.2	0.5423385892802522	NF1	True
0.2512315270935961	0.2	0.5423239824346509	NF1	True
0.2561576354679803	0.2	0.5415188156110805	NF1	True
0.2561576354679803	0.2222222222222222	0.5408118139705561	NF1	True
0.26108374384236455	0.2222222222222222	0.5393972041370575	NF1	True
0.2660098522167488	0.2222222222222222	0.5388084198499822	NF1	True
0.270935960591133	0.2222222222222222	0.537174066097745	NF1	True
0.27586206896551724	0.2222222222222222	0.5366732018509801	NF1	True
0.28078817733990147	0.2222222222222222	0.5366651222035825	NF1	True
0.2857142857142857	0.2222222222222222	0.5344621929763438	NF1	True
0.29064039408866993	0.2222222222222222	0.5332450385031291	NF1	True
0.2955665024630542	0.2222222222222222	0.5331460687600713	NF1	True
0.2955665024630542	0.24444444444444444	0.5322369781546931	NF1	True
0.30049261083743845	0.24444444444444444	0.5317512876737966	NF1	True
0.30049261083743845	0.26666666666666666	0.5310546206127437	NF1	True
0.3054187192118227	0.26666666666666666	0.5281080755245238	NF1	True
0.3103448275862069	0.26666666666666666	0.5260169751794095	NF1	True
0.31527093596059114	0.26666666666666666	0.5258662501163343	NF1	True
0.32019704433497537	0.26666666666666666	0.5254116237316881	NF1	True
0.3251231527093596	0.26666666666666666	0.5249621122959225	NF1	True
0.33004926108374383	0.26666666666666666	0.5243569690382808	NF1	True
0.33497536945812806	0.26666666666666666	0.5242129176547026	NF1	True
0.3399014778325123	0.26666666666666666	0.5227422766789293	NF1	True
0.3448275862068966	0.26666666666666666	0.5226207709895039	NF1	True
0.3497536945812808	0.26666666666666666	0.5216970583869948	NF1	True
0.35467980295566504	0.26666666666666666	0.5200841265467935	NF1	True
0.35467980295566504	0.28888888888888886	0.5193355832613653	NF1	True
0.35960591133004927	0.28888888888888886	0.5189812925292369	NF1	True
0.3645320197044335	0.28888888888888886	0.5188247762545084	NF1	True
0.3694581280788177	0.28888888888888886	0.5181924197844725	NF1	True
0.37438423645320196	0.28888888888888886	0.5180920968452981	NF1	True
0.3793103448275862	0.28888888888888886	0.5176940422817223	NF1	True
0.3842364532019704	0.28888888888888886	0.517686618747177	NF1	True
0.3842364532019704	0.3111111111111111	0.5171405631685457	NF1	True
0.3891625615763547	0.3111111111111111	0.5155197935824363	NF1	True
0.39408866995073893	0.3111111111111111	0.5152878638267494	NF1	True
0.39901477832512317	0.3111111111111111	0.5148763749014071	NF1	True
0.4039408866995074	0.3111111111111111	0.5147129016531553	NF1	True
0.4088669950738916	0.3111111111111111	0.5129869453351333	NF1	True
0.41379310344827586	0.3111111111111111	0.5124064644742115	NF1	True
0.4187192118226601	0.3111111111111111	0.5112760243861024	NF1	True
0.4236453201970443	0.3111111111111111	0.5101702957742282	NF1	True
0.4236453201970443	0.3333333333333333	0.5089178931394217	NF1	True
0.42857142857142855	0.3333333333333333	0.5089160583855202	NF1	True
0.43349753694581283	0.3333333333333333	0.5088042848550072	NF1	True
0.43349753694581283	0.35555555555555557	0.5082569546849658	NF1	True
0.43842364532019706	0.35555555555555557	0.5081627154408138	NF1	True
0.43842364532019706	0.37777777777777777	0.5071428202218048	NF1	True
0.4433497536945813	0.37777777777777777	0.5067625409898212	NF1	True
0.4482758620689655	0.37777777777777777	0.5062448781719876	NF1	True
0.4482758620689655	0.4	0.5058810613522382	NF1	True
0.45320197044334976	0.4	0.5044495514935347	NF1	True
0.458128078817734	0.4	0.5043251473843512	NF1	True
0.4630541871921182	0.4	0.5018454561955927	NF1	True
0.4630541871921182	0.4222222222222222	0.5016023625351186	NF1	True
0.46798029556650245	0.4222222222222222	0.5013787291913409	NF1	True
0.4729064039408867	0.4222222222222222	0.5002319281249257	NF1	True
0.47783251231527096	0.4222222222222222	0.4998866146392973	NF1	True
0.4827586206896552	0.4222222222222222	0.4998716071659219	NF1	True
0.4827586206896552	0.4444444444444444	0.4984096809146188	NF1	True
0.4876847290640394	0.4444444444444444	0.4977921855058622	NF1	True
0.4876847290640394	0.4666666666666667	0.4970517618466293	NF1	True
0.49261083743842365	0.4666666666666667	0.4966173792169793	NF1	True
0.4975369458128079	0.4666666666666667	0.4965287020632376	NF1	True
0.4975369458128079	0.4888888888888889	0.4958927707591708	NF1	True
0.5024630541871922	0.4888888888888889	0.4947641130873035	NF1	True
0.5073891625615764	0.4888888888888889	0.4944586577465752	NF1	True
0.5073891625615764	0.5111111111111111	0.4944331575161001	NF1	True
0.5123152709359606	0.5111111111111111	0.4936660863228025	NF1	True
0.5172413793103449	0.5111111111111111	0.493162111837343	NF1	True
0.5172413793103449	0.5333333333333333	0.493146521208201	NF1	True
0.5221674876847291	0.5333333333333333	0.4929407053392133	NF1	True
0.5270935960591133	0.5333333333333333	0.492785588103519	NF1	True
0.5320197044334976	0.5333333333333333	0.4917735669571112	NF1	True
0.5369458128078818	0.5333333333333333	0.4907575547956976	NF1	True
0.5369458128078818	0.5555555555555556	0.4890843569355993	NF1	True
0.541871921182266	0.5555555555555556	0.4882896757358973	NF1	True
0.5467980295566502	0.5555555555555556	0.4868566549983835	NF1	True
0.5517241379310345	0.5555555555555556	0.486582103001076	NF1	True
0.5566502463054187	0.5555555555555556	0.4865497125040202	NF1	True
0.5615763546798029	0.5555555555555556	0.4861533181782286	NF1	True
0.5665024630541872	0.5555555555555556	0.4857519636863042	NF1	True
0.5714285714285714	0.5555555555555556	0.4826691288185728	NF1	True
0.5763546798029556	0.5555555555555556	0.4824322339505733	NF1	True
0.5812807881773399	0.5555555555555556	0.4811987334931969	NF1	True
0.5862068965517241	0.5555555555555556	0.4808756485546918	NF1	True
0.5911330049261084	0.5555555555555556	0.4780093955366227	NF1	True
0.5911330049261084	0.5777777777777777	0.4773559763655459	NF1	True
0.5960591133004927	0.5777777777777777	0.4762243568216065	NF1	True
0.6009852216748769	0.5777777777777777	0.4749954089793543	NF1	True
0.6059113300492611	0.5777777777777777	0.4746159001955935	NF1	True
0.6108374384236454	0.5777777777777777	0.4743313814062845	NF1	True
0.6108374384236454	0.6	0.4737039268346171	NF1	True
0.6157635467980296	0.6	0.473331249469619	NF1	True
0.6206896551724138	0.6	0.4732748865306154	NF1	True
0.625615763546798	0.6	0.4732057074103545	NF1	True
0.6305418719211823	0.6	0.4722380447196981	NF1	True
0.6354679802955665	0.6	0.4705978590154882	NF1	True
0.6403940886699507	0.6	0.4694213798078191	NF1	True
0.645320197044335	0.6	0.4687734567208378	NF1	True
0.645320197044335	0.6222222222222222	0.4684955249147407	NF1	True
0.645320197044335	0.6444444444444445	0.4678967821920448	NF1	True
0.645320197044335	0.6666666666666666	0.46710276953709795	NF1	True
0.645320197044335	0.6888888888888889	0.4670290472112813	NF1	True
0.6502463054187192	0.6888888888888889	0.4667993155582262	NF1	True
0.6551724137931034	0.6888888888888889	0.4661076979313283	NF1	True
0.6551724137931034	0.7111111111111111	0.4652245246116459	NF1	True
0.6551724137931034	0.7333333333333333	0.4645509312057534	NF1	True
0.6600985221674877	0.7333333333333333	0.4640359037976372	NF1	True
0.6600985221674877	0.7555555555555555	0.4630045317269917	NF1	True
0.6650246305418719	0.7555555555555555	0.46228160368028104	NF1	True
0.6650246305418719	0.7777777777777778	0.4615309368098845	NF1	True
0.6699507389162561	0.7777777777777778	0.4611355385312089	NF1	True
0.6748768472906403	0.7777777777777778	0.4607897743849763	NF1	True
0.6798029556650246	0.7777777777777778	0.4597540507138939	NF1	True
0.6798029556650246	0.8	0.4592769164535582	NF1	True
0.6847290640394089	0.8	0.4584333114434866	NF1	True
0.6896551724137931	0.8	0.4582970462393812	NF1	True
0.6896551724137931	0.8222222222222222	0.4578920601429212	NF1	True
0.6945812807881774	0.8222222222222222	0.4574439537091778	NF1	True
0.6995073891625616	0.8222222222222222	0.4570631989374445	NF1	True
0.7044334975369458	0.8222222222222222	0.455716611938144	NF1	True
0.7093596059113301	0.8222222222222222	0.4550176564719055	NF1	True
0.7142857142857143	0.8222222222222222	0.4531976648322232	NF1	True
0.7192118226600985	0.8222222222222222	0.4527125040968716	NF1	True
0.7241379310344828	0.8222222222222222	0.4507243940265919	NF1	True
0.729064039408867	0.8222222222222222	0.44934552658797056	NF1	True
0.7339901477832512	0.8222222222222222	0.4485406147545291	NF1	True
0.7389162561576355	0.8222222222222222	0.4480896308418205	NF1	True
0.7389162561576355	0.8444444444444444	0.4474988300487964	NF1	True
0.7438423645320197	0.8444444444444444	0.4471464515787637	NF1	True
0.7487684729064039	0.8444444444444444	0.44648354065399787	NF1	True
0.7536945812807881	0.8444444444444444	0.4451774964471748	NF1	True
0.7586206896551724	0.8444444444444444	0.44395257330431337	NF1	True
0.7635467980295566	0.8444444444444444	0.4421156880483379	NF1	True
0.7635467980295566	0.8666666666666667	0.4391198332652244	NF1	True
0.7684729064039408	0.8666666666666667	0.4390251246322488	NF1	True
0.7733990147783252	0.8666666666666667	0.43822047556299504	NF1	True
0.7783251231527094	0.8666666666666667	0.4376900913067675	NF1	True
0.7832512315270936	0.8666666666666667	0.4356712222201923	NF1	True
0.7881773399014779	0.8666666666666667	0.4353803561132964	NF1	True
0.7931034482758621	0.8666666666666667	0.4353250243452102	NF1	True
0.7980295566502463	0.8666666666666667	0.43493143374429577	NF1	True
0.8029556650246306	0.8666666666666667	0.4336574850814228	NF1	True
0.8078817733990148	0.8666666666666667	0.4317339592266577	NF1	True
0.812807881773399	0.8666666666666667	0.4315296221309975	NF1	True
0.8177339901477833	0.8666666666666667	0.4314406106661369	NF1	True
0.8226600985221675	0.8666666666666667	0.4310488204459311	NF1	True
0.8275862068965517	0.8666666666666667	0.4309484129099826	NF1	True
0.8275862068965517	0.8888888888888888	0.4306644713146641	NF1	True
0.8325123152709359	0.8888888888888888	0.4301901130646117	NF1	True
0.8374384236453202	0.8888888888888888	0.42934729700754976	NF1	True
0.8374384236453202	0.9111111111111111	0.4279659582092281	NF1	True
0.8374384236453202	0.9333333333333333	0.4251334877627783	NF1	True
0.8423645320197044	0.9333333333333333	0.4227770643230936	NF1	True
0.8472906403940886	0.9333333333333333	0.4212869871018216	NF1	True
0.8522167487684729	0.9333333333333333	0.4197884250440421	NF1	True
0.8571428571428571	0.9333333333333333	0.415755718361202	NF1	True
0.8620689655172413	0.9333333333333333	0.4147807272813013	NF1	True
0.8669950738916257	0.9333333333333333	0.4136820454904512	NF1	True
0.8719211822660099	0.9333333333333333	0.4096536494186227	NF1	True
0.8768472906403941	0.9333333333333333	0.40834615896147497	NF1	True
0.8817733990147784	0.9333333333333333	0.4082150674313424	NF1	True
0.8866995073891626	0.9333333333333333	0.4075930740865292	NF1	True
0.8916256157635468	0.9333333333333333	0.4069802382974559	NF1	True
0.896551724137931	0.9333333333333333	0.4063253385354333	NF1	True
0.896551724137931	0.9555555555555556	0.40602602177393815	NF1	True
0.9014778325123153	0.9555555555555556	0.4059042004414929	NF1	True
0.9064039408866995	0.9555555555555556	0.4045593552910166	NF1	True
0.9113300492610837	0.9555555555555556	0.4040426648462191	NF1	True
0.916256157635468	0.9555555555555556	0.4032676597980502	NF1	True
0.9211822660098522	0.9555555555555556	0.4028750540747927	NF1	True
0.9211822660098522	0.9777777777777777	0.40259613215242096	NF1	True
0.9261083743842364	0.9777777777777777	0.4004034730943564	NF1	True
0.9310344827586207	0.9777777777777777	0.39638758645477457	NF1	True
0.9359605911330049	0.9777777777777777	0.3954672942737617	NF1	True
0.9408866995073891	0.9777777777777777	0.39510208444311823	NF1	True
0.9458128078817734	0.9777777777777777	0.3950535375892682	NF1	True
0.9507389162561576	0.9777777777777777	0.3938850955758976	NF1	True
0.9556650246305419	0.9777777777777777	0.3926463766641103	NF1	True
0.9605911330049262	0.9777777777777777	0.3912795558160211	NF1	True
0.9655172413793104	0.9777777777777777	0.3887820383748818	NF1	True
0.9704433497536946	0.9777777777777777	0.38402376979101216	NF1	True
0.9753694581280788	0.9777777777777777	0.38271244413593175	NF1	True
0.9753694581280788	1.0	0.3816453462368633	NF1	True
0.9802955665024631	1.0	0.3812716462101873	NF1	True
0.9852216748768473	1.0	0.3797066498388151	NF1	True
0.9901477832512315	1.0	0.348844974057524	NF1	True
0.9950738916256158	1.0	0.31119725994234154	NF1	True
1.0	1.0	0.2743080048951238	NF1	True
0.0	0.0	1.988104081040177	TP53	False
0.007874015748031496	0.0	0.988104081040177	TP53	False
0.007874015748031496	0.008264462809917356	0.9466734734006781	TP53	False
0.007874015748031496	0.01652892561983471	0.9429442177928098	TP53	False
0.007874015748031496	0.024793388429752067	0.9411654867219242	TP53	False
0.007874015748031496	0.03305785123966942	0.9270970296893511	TP53	False
0.007874015748031496	0.04132231404958678	0.9208114232229064	TP53	False
0.007874015748031496	0.049586776859504134	0.8949353279661452	TP53	False
0.007874015748031496	0.05785123966942149	0.892179676079278	TP53	False
0.007874015748031496	0.06611570247933884	0.8867163169991497	TP53	False
0.007874015748031496	0.0743801652892562	0.8814838726102675	TP53	False
0.007874015748031496	0.08264462809917356	0.8792592261637676	TP53	False
0.007874015748031496	0.09090909090909091	0.8785409863963696	TP53	False
0.007874015748031496	0.09917355371900827	0.8776861461157127	TP53	False
0.007874015748031496	0.10743801652892562	0.8745876385120498	TP53	False
0.007874015748031496	0.11570247933884298	0.8724553277343965	TP53	False
0.007874015748031496	0.12396694214876033	0.8671050093355814	TP53	False
0.007874015748031496	0.1322314049586777	0.8654843860182146	TP53	False
0.007874015748031496	0.14049586776859505	0.8619560112574329	TP53	False
0.007874015748031496	0.1487603305785124	0.8611823613778684	TP53	False
0.007874015748031496	0.15702479338842976	0.8603246619676586	TP53	False
0.015748031496062992	0.15702479338842976	0.8561051293830321	TP53	False
0.015748031496062992	0.1652892561983471	0.8493182507728324	TP53	False
0.015748031496062992	0.17355371900826447	0.8430452390763746	TP53	False
0.015748031496062992	0.18181818181818182	0.8386402982276667	TP53	False
0.015748031496062992	0.19008264462809918	0.8291085066510573	TP53	False
0.015748031496062992	0.19834710743801653	0.8288311098431059	TP53	False
0.015748031496062992	0.2066115702479339	0.8220445872122358	TP53	False
0.015748031496062992	0.21487603305785125	0.8214467514462713	TP53	False
0.015748031496062992	0.2231404958677686	0.8163217126025636	TP53	False
0.015748031496062992	0.23140495867768596	0.8144427560185528	TP53	False
0.015748031496062992	0.2396694214876033	0.8142984932627868	TP53	False
0.015748031496062992	0.24793388429752067	0.8118558746536931	TP53	False
0.015748031496062992	0.256198347107438	0.8093712515394151	TP53	False
0.023622047244094488	0.256198347107438	0.7960050348828681	TP53	False
0.023622047244094488	0.2644628099173554	0.7887583634378673	TP53	False
0.023622047244094488	0.2727272727272727	0.7885204897828426	TP53	False
0.023622047244094488	0.2809917355371901	0.7882061095000117	TP53	False
0.023622047244094488	0.2892561983471074	0.7794095474794525	TP53	False
0.023622047244094488	0.2975206611570248	0.7631878731929376	TP53	False
0.023622047244094488	0.30578512396694213	0.7577064029503916	TP53	False
0.023622047244094488	0.3140495867768595	0.7554303754048436	TP53	False
0.023622047244094488	0.32231404958677684	0.754731847717745	TP53	False
0.023622047244094488	0.3305785123966942	0.7545221568619186	TP53	False
0.023622047244094488	0.33884297520661155	0.7438175063315599	TP53	False
0.023622047244094488	0.34710743801652894	0.7373982090816805	TP53	False
0.023622047244094488	0.35537190082644626	0.7354871137802327	TP53	False
0.023622047244094488	0.36363636363636365	0.733849956946936	TP53	False
0.023622047244094488	0.371900826446281	0.7217342622554983	TP53	False
0.023622047244094488	0.38016528925619836	0.7167746408692945	TP53	False
0.031496062992125984	0.38016528925619836	0.7153822620494775	TP53	False
0.031496062992125984	0.3884297520661157	0.7021498955870574	TP53	False
0.031496062992125984	0.39669421487603307	0.7011912761839406	TP53	False
0.031496062992125984	0.4049586776859504	0.6959820952518856	TP53	False
0.031496062992125984	0.4132231404958678	0.6921175927200646	TP53	False
0.031496062992125984	0.4214876033057851	0.6919016065925077	TP53	False
0.031496062992125984	0.4297520661157025	0.6783681373382735	TP53	False
0.031496062992125984	0.4380165289256198	0.6783456349661467	TP53	False
0.031496062992125984	0.4462809917355372	0.6775344282852834	TP53	False
0.031496062992125984	0.45454545454545453	0.6761963311986727	TP53	False
0.031496062992125984	0.4628099173553719	0.6721340438469695	TP53	False
0.031496062992125984	0.47107438016528924	0.6684046691281131	TP53	False
0.031496062992125984	0.4793388429752066	0.6655367062524001	TP53	False
0.03937007874015748	0.4793388429752066	0.6572907110141544	TP53	False
0.03937007874015748	0.48760330578512395	0.6554127272726068	TP53	False
0.03937007874015748	0.49586776859504134	0.6509448228617356	TP53	False
0.03937007874015748	0.5041322314049587	0.6498272012441516	TP53	False
0.03937007874015748	0.512396694214876	0.6457384950548536	TP53	False
0.03937007874015748	0.5206611570247934	0.6410626788723065	TP53	False
0.03937007874015748	0.5289256198347108	0.6388456071177078	TP53	False
0.03937007874015748	0.5371900826446281	0.6370408523979046	TP53	False
0.03937007874015748	0.5454545454545454	0.6358659377933753	TP53	False
0.047244094488188976	0.5454545454545454	0.6357776024979971	TP53	False
0.047244094488188976	0.5537190082644629	0.6329775533231068	TP53	False
0.047244094488188976	0.5619834710743802	0.6316656842026738	TP53	False
0.047244094488188976	0.5702479338842975	0.6283914951602843	TP53	False
0.047244094488188976	0.5785123966942148	0.6253733410730196	TP53	False
0.05511811023622047	0.5785123966942148	0.6230116724209597	TP53	False
0.05511811023622047	0.5867768595041323	0.6171693092290848	TP53	False
0.05511811023622047	0.5950413223140496	0.6117365538575842	TP53	False
0.06299212598425197	0.5950413223140496	0.6101095241073186	TP53	False
0.07086614173228346	0.5950413223140496	0.6065766084069921	TP53	False
0.07874015748031496	0.5950413223140496	0.6044777355233537	TP53	False
0.08661417322834646	0.5950413223140496	0.5938205862452042	TP53	False
0.08661417322834646	0.6033057851239669	0.5930433887909466	TP53	False
0.08661417322834646	0.6115702479338843	0.5885918400640975	TP53	False
0.08661417322834646	0.6198347107438017	0.5882294673379769	TP53	False
0.09448818897637795	0.6198347107438017	0.5863761429073027	TP53	False
0.10236220472440945	0.6198347107438017	0.5831708152983615	TP53	False
0.10236220472440945	0.628099173553719	0.5825426057108465	TP53	False
0.11023622047244094	0.628099173553719	0.5795610821428334	TP53	False
0.11811023622047244	0.628099173553719	0.5709407966726561	TP53	False
0.12598425196850394	0.628099173553719	0.5688786708651794	TP53	False
0.13385826771653545	0.628099173553719	0.5664623903727563	TP53	False
0.13385826771653545	0.6363636363636364	0.5641449887253467	TP53	False
0.14173228346456693	0.6363636363636364	0.5619175425401315	TP53	False
0.14173228346456693	0.6446280991735537	0.5602941737184061	TP53	False
0.14960629921259844	0.6446280991735537	0.5559695052412089	TP53	False
0.15748031496062992	0.6446280991735537	0.5558397016967022	TP53	False
0.15748031496062992	0.6528925619834711	0.5495548287131247	TP53	False
0.15748031496062992	0.6611570247933884	0.5435643400268277	TP53	False
0.16535433070866143	0.6611570247933884	0.5426289201022689	TP53	False
0.16535433070866143	0.6694214876033058	0.5424167008178665	TP53	False
0.16535433070866143	0.6776859504132231	0.5380929053529585	TP53	False
0.1732283464566929	0.6776859504132231	0.5359291285041795	TP53	False
0.18110236220472442	0.6776859504132231	0.5357913799465832	TP53	False
0.1889763779527559	0.6776859504132231	0.5326755030680217	TP53	False
0.1968503937007874	0.6776859504132231	0.5295309169209821	TP53	False
0.2047244094488189	0.6776859504132231	0.5289481450845978	TP53	False
0.2125984251968504	0.6776859504132231	0.5208350684160097	TP53	False
0.2204724409448819	0.6776859504132231	0.5127275696736637	TP53	False
0.2204724409448819	0.6859504132231405	0.5107878065938648	TP53	False
0.2283464566929134	0.6859504132231405	0.5106203674371195	TP53	False
0.23622047244094488	0.6859504132231405	0.5074916062047998	TP53	False
0.2440944881889764	0.6859504132231405	0.5033589671561426	TP53	False
0.25196850393700787	0.6859504132231405	0.5033053889821604	TP53	False
0.25196850393700787	0.6942148760330579	0.5016788277932048	TP53	False
0.25984251968503935	0.6942148760330579	0.498753330690796	TP53	False
0.2677165354330709	0.6942148760330579	0.4978414061408159	TP53	False
0.2755905511811024	0.6942148760330579	0.4946168965578069	TP53	False
0.28346456692913385	0.6942148760330579	0.493940857190613	TP53	False
0.29133858267716534	0.6942148760330579	0.4911882072867734	TP53	False
0.29133858267716534	0.7024793388429752	0.4879220872624046	TP53	False
0.2992125984251969	0.7024793388429752	0.4863011328872621	TP53	False
0.2992125984251969	0.7107438016528925	0.4829913850465804	TP53	False
0.30708661417322836	0.7107438016528925	0.4808745393410279	TP53	False
0.30708661417322836	0.71900826446281	0.4783179033945219	TP53	False
0.31496062992125984	0.71900826446281	0.4726835549808371	TP53	False
0.3228346456692913	0.71900826446281	0.47056324595598104	TP53	False
0.33070866141732286	0.71900826446281	0.4688540802160006	TP53	False
0.33858267716535434	0.71900826446281	0.4675246518324866	TP53	False
0.3464566929133858	0.71900826446281	0.4657222439339117	TP53	False
0.3464566929133858	0.7272727272727273	0.4613703962932941	TP53	False
0.3543307086614173	0.7272727272727273	0.4592694143903831	TP53	False
0.36220472440944884	0.7272727272727273	0.4586127703402553	TP53	False
0.3700787401574803	0.7272727272727273	0.4504128025358711	TP53	False
0.3700787401574803	0.7355371900826446	0.4479371263376184	TP53	False
0.3700787401574803	0.743801652892562	0.4463815777226585	TP53	False
0.3779527559055118	0.743801652892562	0.4456803298191858	TP53	False
0.3858267716535433	0.743801652892562	0.44547914359645824	TP53	False
0.3937007874015748	0.743801652892562	0.4447845481900079	TP53	False
0.4015748031496063	0.743801652892562	0.443015601122474	TP53	False
0.4094488188976378	0.743801652892562	0.4406714924518503	TP53	False
0.4094488188976378	0.7520661157024794	0.4392061872919637	TP53	False
0.41732283464566927	0.7520661157024794	0.4387746688263233	TP53	False
0.4251968503937008	0.7520661157024794	0.4367955013849318	TP53	False
0.4330708661417323	0.7520661157024794	0.43595701485169225	TP53	False
0.4409448818897638	0.7520661157024794	0.43558690152445934	TP53	False
0.4409448818897638	0.7603305785123967	0.4320293678330317	TP53	False
0.44881889763779526	0.7603305785123967	0.4315059307365522	TP53	False
0.4566929133858268	0.7603305785123967	0.431369056411511	TP53	False
0.4645669291338583	0.7603305785123967	0.4310731124226577	TP53	False
0.47244094488188976	0.7603305785123967	0.4243342470764988	TP53	False
0.48031496062992124	0.7603305785123967	0.4242807044025266	TP53	False
0.4881889763779528	0.7603305785123967	0.4228084573135439	TP53	False
0.49606299212598426	0.7603305785123967	0.4222593298443845	TP53	False
0.49606299212598426	0.768595041322314	0.42139508208998144	TP53	False
0.5039370078740157	0.768595041322314	0.4177706460854129	TP53	False
0.5039370078740157	0.7768595041322314	0.4162822388267324	TP53	False
0.5118110236220472	0.7768595041322314	0.4145345180984007	TP53	False
0.5118110236220472	0.7851239669421488	0.4114355853299164	TP53	False
0.5196850393700787	0.7851239669421488	0.405635287120162	TP53	False
0.5275590551181102	0.7851239669421488	0.4046067622876368	TP53	False
0.5354330708661418	0.7851239669421488	0.3988731424737522	TP53	False
0.5433070866141733	0.7851239669421488	0.3965648943606073	TP53	False
0.5433070866141733	0.7933884297520661	0.3962805287069866	TP53	False
0.5511811023622047	0.7933884297520661	0.3960708383292393	TP53	False
0.5511811023622047	0.8016528925619835	0.3933028698033215	TP53	False
0.5590551181102362	0.8016528925619835	0.3919097788443575	TP53	False
0.5590551181102362	0.8099173553719008	0.3887246110747533	TP53	False
0.5590551181102362	0.8181818181818182	0.3884056051841511	TP53	False
0.5669291338582677	0.8181818181818182	0.38700843985679145	TP53	False
0.5748031496062992	0.8181818181818182	0.3803059958085536	TP53	False
0.5826771653543307	0.8181818181818182	0.3768425768884432	TP53	False
0.5826771653543307	0.8264462809917356	0.3732052494120412	TP53	False
0.5826771653543307	0.8347107438016529	0.37286607063043575	TP53	False
0.5905511811023622	0.8347107438016529	0.3721647671769877	TP53	False
0.5984251968503937	0.8347107438016529	0.3685903234822703	TP53	False
0.5984251968503937	0.8429752066115702	0.3661996617658166	TP53	False
0.6062992125984252	0.8429752066115702	0.36473684206210416	TP53	False
0.6141732283464567	0.8429752066115702	0.3615058807233493	TP53	False
0.6141732283464567	0.8512396694214877	0.3595590262905051	TP53	False
0.6220472440944882	0.8512396694214877	0.3595080193727169	TP53	False
0.6299212598425197	0.8512396694214877	0.3579055474232343	TP53	False
0.6377952755905512	0.8512396694214877	0.3543344645570941	TP53	False
0.6377952755905512	0.859504132231405	0.35351837653705565	TP53	False
0.6456692913385826	0.859504132231405	0.3428637125504469	TP53	False
0.6535433070866141	0.859504132231405	0.33954552605926425	TP53	False
0.6614173228346457	0.859504132231405	0.3352295264290057	TP53	False
0.6692913385826772	0.859504132231405	0.33115302478894404	TP53	False
0.6771653543307087	0.859504132231405	0.3232711204733376	TP53	False
0.6771653543307087	0.8677685950413223	0.3210716154818501	TP53	False
0.6850393700787402	0.8677685950413223	0.3205181164896477	TP53	False
0.6929133858267716	0.8677685950413223	0.31943017705759985	TP53	False
0.6929133858267716	0.8760330578512396	0.3181289340214552	TP53	False
0.7007874015748031	0.8760330578512396	0.3171226989954992	TP53	False
0.7086614173228346	0.8760330578512396	0.31636348267733383	TP53	False
0.7086614173228346	0.8842975206611571	0.31324720787506594	TP53	False
0.7086614173228346	0.8925619834710744	0.3099384708339446	TP53	False
0.7165354330708661	0.8925619834710744	0.2986205275511146	TP53	False
0.7244094488188977	0.8925619834710744	0.29618694324347483	TP53	False
0.7322834645669292	0.8925619834710744	0.28936222573479203	TP53	False
0.7401574803149606	0.8925619834710744	0.2887499506734276	TP53	False
0.7480314960629921	0.8925619834710744	0.28740526775854125	TP53	False
0.7559055118110236	0.8925619834710744	0.28570153287614264	TP53	False
0.7637795275590551	0.8925619834710744	0.28150493451330194	TP53	False
0.7716535433070866	0.8925619834710744	0.27940281879345863	TP53	False
0.7795275590551181	0.8925619834710744	0.2725522130363714	TP53	False
0.7874015748031497	0.8925619834710744	0.26841459745691715	TP53	False
0.7952755905511811	0.8925619834710744	0.26582316125816513	TP53	False
0.8031496062992126	0.8925619834710744	0.2644068731696661	TP53	False
0.8031496062992126	0.9008264462809917	0.26062453402613595	TP53	False
0.8110236220472441	0.9008264462809917	0.2593786454205125	TP53	False
0.8188976377952756	0.9008264462809917	0.2567050496993188	TP53	False
0.8267716535433071	0.9008264462809917	0.2458222286046721	TP53	False
0.8346456692913385	0.9008264462809917	0.24507700600647314	TP53	False
0.84251968503937	0.9008264462809917	0.2330838014769505	TP53	False
0.84251968503937	0.9090909090909091	0.22996377114944624	TP53	False
0.8503937007874016	0.9090909090909091	0.21213459533752854	TP53	False
0.8503937007874016	0.9173553719008265	0.20173881853051928	TP53	False
0.8503937007874016	0.9256198347107438	0.1952697251568425	TP53	False
0.8503937007874016	0.9338842975206612	0.1897398645493088	TP53	False
0.8503937007874016	0.9421487603305785	0.18203305589048308	TP53	False
0.8582677165354331	0.9421487603305785	0.1810635500617608	TP53	False
0.8661417322834646	0.9421487603305785	0.17904993573609085	TP53	False
0.8740157480314961	0.9421487603305785	0.17440589119768124	TP53	False
0.8818897637795275	0.9421487603305785	0.17189339216285898	TP53	False
0.889763779527559	0.9421487603305785	0.17126236520316807	TP53	False
0.889763779527559	0.9504132231404959	0.1701503292737717	TP53	False
0.8976377952755905	0.9504132231404959	0.16712069846222344	TP53	False
0.8976377952755905	0.9586776859504132	0.16655420135441634	TP53	False
0.905511811023622	0.9586776859504132	0.16190657939456227	TP53	False
0.9133858267716536	0.9586776859504132	0.15963100328926508	TP53	False
0.9212598425196851	0.9586776859504132	0.14327627844844745	TP53	False
0.9212598425196851	0.9669421487603306	0.14016885799576576	TP53	False
0.9212598425196851	0.9752066115702479	0.1249953475056296	TP53	False
0.9291338582677166	0.9752066115702479	0.11869083266938987	TP53	False
0.937007874015748	0.9752066115702479	0.11833338599815328	TP53	False
0.9448818897637795	0.9752066115702479	0.1180597151586155	TP53	False
0.9448818897637795	0.9834710743801653	0.10115324302912833	TP53	False
0.952755905511811	0.9834710743801653	0.09877884370690712	TP53	False
0.952755905511811	0.9917355371900827	0.0940266018705092	TP53	False
0.9606299212598425	0.9917355371900827	0.08686964684493044	TP53	False
0.968503937007874	0.9917355371900827	0.08525900819649351	TP53	False
0.9763779527559056	0.9917355371900827	0.0849173527620875	TP53	False
0.984251968503937	0.9917355371900827	0.04898697874693169	TP53	False
0.984251968503937	1.0	0.048897123645563915	TP53	False
0.9921259842519685	1.0	0.03967227998620775	TP53	False
1.0	1.0	0.010353917961269308	TP53	False
0.0	0.008264462809917356	0.8125636098271127	TP53	True
0.007874015748031496	0.008264462809917356	0.8104198796260783	TP53	True
0.015748031496062992	0.008264462809917356	0.8089522010048887	TP53	True
0.023622047244094488	0.008264462809917356	0.7852393734510649	TP53	True
0.023622047244094488	0.01652892561983471	0.7692516379959614	TP53	True
0.023622047244094488	0.024793388429752067	0.7616390665741087	TP53	True
0.031496062992125984	0.024793388429752067	0.7534620553788105	TP53	True
0.031496062992125984	0.03305785123966942	0.7499008756066319	TP53	True
0.03937007874015748	0.03305785123966942	0.7485465207399324	TP53	True
0.047244094488188976	0.03305785123966942	0.7447119489073315	TP53	True
0.047244094488188976	0.04132231404958678	0.7379735788071421	TP53	True
0.047244094488188976	0.049586776859504134	0.7336478251771346	TP53	True
0.047244094488188976	0.05785123966942149	0.7256370508642259	TP53	True
0.05511811023622047	0.05785123966942149	0.7246348604638934	TP53	True
0.05511811023622047	0.06611570247933884	0.7226895122154076	TP53	True
0.06299212598425197	0.06611570247933884	0.7206429076173679	TP53	True
0.07086614173228346	0.06611570247933884	0.7203921648146214	TP53	True
0.07086614173228346	0.0743801652892562	0.7182134695273555	TP53	True
0.07874015748031496	0.0743801652892562	0.7137127808903557	TP53	True
0.08661417322834646	0.0743801652892562	0.7098312874013488	TP53	True
0.09448818897637795	0.0743801652892562	0.7071497391280382	TP53	True
0.10236220472440945	0.0743801652892562	0.7049880877832851	TP53	True
0.10236220472440945	0.08264462809917356	0.684725510887965	TP53	True
0.11023622047244094	0.08264462809917356	0.6735149574573001	TP53	True
0.11811023622047244	0.08264462809917356	0.6706429416986025	TP53	True
0.12598425196850394	0.08264462809917356	0.6695369300977579	TP53	True
0.13385826771653545	0.08264462809917356	0.6642256286916429	TP53	True
0.13385826771653545	0.09090909090909091	0.6623321634291018	TP53	True
0.14173228346456693	0.09090909090909091	0.6598478244663196	TP53	True
0.14173228346456693	0.09917355371900827	0.6556288530379393	TP53	True
0.14960629921259844	0.09917355371900827	0.6540177949984832	TP53	True
0.15748031496062992	0.09917355371900827	0.6533144771846644	TP53	True
0.15748031496062992	0.10743801652892562	0.6523170544314532	TP53	True
0.16535433070866143	0.10743801652892562	0.6518621105419674	TP53	True
0.1732283464566929	0.10743801652892562	0.651229841244326	TP53	True
0.1732283464566929	0.11570247933884298	0.6487552854758567	TP53	True
0.18110236220472442	0.11570247933884298	0.6463720007309647	TP53	True
0.1889763779527559	0.11570247933884298	0.6431409561374333	TP53	True
0.1968503937007874	0.11570247933884298	0.6427683520964175	TP53	True
0.1968503937007874	0.12396694214876033	0.6407154434528649	TP53	True
0.2047244094488189	0.12396694214876033	0.6390451896108122	TP53	True
0.2125984251968504	0.12396694214876033	0.6381971103920622	TP53	True
0.2125984251968504	0.1322314049586777	0.6349360545091165	TP53	True
0.2125984251968504	0.14049586776859505	0.6323299214414086	TP53	True
0.2204724409448819	0.14049586776859505	0.6312463544457264	TP53	True
0.2204724409448819	0.1487603305785124	0.631157948285754	TP53	True
0.2283464566929134	0.1487603305785124	0.6302981338005657	TP53	True
0.23622047244094488	0.1487603305785124	0.6299736148670129	TP53	True
0.23622047244094488	0.15702479338842976	0.6298881569609758	TP53	True
0.23622047244094488	0.1652892561983471	0.6261376624637296	TP53	True
0.2440944881889764	0.1652892561983471	0.6254677150847535	TP53	True
0.25196850393700787	0.1652892561983471	0.6245825415202902	TP53	True
0.25984251968503935	0.1652892561983471	0.6231454937654035	TP53	True
0.2677165354330709	0.1652892561983471	0.6226251356335787	TP53	True
0.2755905511811024	0.1652892561983471	0.6221297274416475	TP53	True
0.28346456692913385	0.1652892561983471	0.6215269149462511	TP53	True
0.28346456692913385	0.17355371900826447	0.6193094777510014	TP53	True
0.28346456692913385	0.18181818181818182	0.6191543424231151	TP53	True
0.29133858267716534	0.18181818181818182	0.6181217301190328	TP53	True
0.2992125984251969	0.18181818181818182	0.6177164637312761	TP53	True
0.30708661417322836	0.18181818181818182	0.6163662981200168	TP53	True
0.31496062992125984	0.18181818181818182	0.6151046168926587	TP53	True
0.3228346456692913	0.18181818181818182	0.6135088866362077	TP53	True
0.3228346456692913	0.19008264462809918	0.6113644382902399	TP53	True
0.3228346456692913	0.19834710743801653	0.6112341356681842	TP53	True
0.3228346456692913	0.2066115702479339	0.6069832439035584	TP53	True
0.33070866141732286	0.2066115702479339	0.6065554033968041	TP53	True
0.33858267716535434	0.2066115702479339	0.6055405843900062	TP53	True
0.33858267716535434	0.21487603305785125	0.6053491951432171	TP53	True
0.3464566929133858	0.21487603305785125	0.5994985726379221	TP53	True
0.3464566929133858	0.2231404958677686	0.5991108860950312	TP53	True
0.3464566929133858	0.23140495867768596	0.5972250459764903	TP53	True
0.3543307086614173	0.23140495867768596	0.5907443128728525	TP53	True
0.36220472440944884	0.23140495867768596	0.5857043989176589	TP53	True
0.3700787401574803	0.23140495867768596	0.5820921781508768	TP53	True
0.3779527559055118	0.23140495867768596	0.5816501401302232	TP53	True
0.3779527559055118	0.2396694214876033	0.5806234438524942	TP53	True
0.3779527559055118	0.24793388429752067	0.5803247639543893	TP53	True
0.3858267716535433	0.24793388429752067	0.5727325403743944	TP53	True
0.3858267716535433	0.256198347107438	0.5726966137738094	TP53	True
0.3858267716535433	0.2644628099173554	0.5717489933955612	TP53	True
0.3858267716535433	0.2727272727272727	0.5692479818167693	TP53	True
0.3858267716535433	0.2809917355371901	0.5673984431346939	TP53	True
0.3858267716535433	0.2892561983471074	0.5651565290892316	TP53	True
0.3858267716535433	0.2975206611570248	0.5645873962378092	TP53	True
0.3858267716535433	0.30578512396694213	0.5629800244865891	TP53	True
0.3937007874015748	0.30578512396694213	0.5619331835525341	TP53	True
0.3937007874015748	0.3140495867768595	0.5615948000537709	TP53	True
0.3937007874015748	0.32231404958677684	0.558926445151665	TP53	True
0.4015748031496063	0.32231404958677684	0.5573849932220973	TP53	True
0.4015748031496063	0.3305785123966942	0.5525086860923304	TP53	True
0.4094488188976378	0.3305785123966942	0.5518703246897789	TP53	True
0.4094488188976378	0.33884297520661155	0.5509601818185551	TP53	True
0.41732283464566927	0.33884297520661155	0.54992173709504	TP53	True
0.4251968503937008	0.33884297520661155	0.5492497380855479	TP53	True
0.4251968503937008	0.34710743801652894	0.54891544855595	TP53	True
0.4251968503937008	0.35537190082644626	0.5473292415082577	TP53	True
0.4330708661417323	0.35537190082644626	0.546213819636453	TP53	True
0.4409448818897638	0.35537190082644626	0.5456359956688722	TP53	True
0.44881889763779526	0.35537190082644626	0.5440143816538798	TP53	True
0.4566929133858268	0.35537190082644626	0.5432428896665712	TP53	True
0.4645669291338583	0.35537190082644626	0.5421270789154631	TP53	True
0.4645669291338583	0.36363636363636365	0.5420218729540102	TP53	True
0.4645669291338583	0.371900826446281	0.5412465435826194	TP53	True
0.4645669291338583	0.38016528925619836	0.5398041687030088	TP53	True
0.47244094488188976	0.38016528925619836	0.5396027351234479	TP53	True
0.47244094488188976	0.3884297520661157	0.5377140666093227	TP53	True
0.47244094488188976	0.39669421487603307	0.5335386368515871	TP53	True
0.47244094488188976	0.4049586776859504	0.53168396572293	TP53	True
0.47244094488188976	0.4132231404958678	0.5312837296495426	TP53	True
0.48031496062992124	0.4132231404958678	0.5309446088777727	TP53	True
0.4881889763779528	0.4132231404958678	0.5277771772871266	TP53	True
0.4881889763779528	0.4214876033057851	0.5217096748275989	TP53	True
0.49606299212598426	0.4214876033057851	0.5216203329850551	TP53	True
0.49606299212598426	0.4297520661157025	0.5215882327901789	TP53	True
0.49606299212598426	0.4380165289256198	0.5213757409260401	TP53	True
0.49606299212598426	0.4462809917355372	0.5191264830982166	TP53	True
0.49606299212598426	0.45454545454545453	0.5173592227712492	TP53	True
0.49606299212598426	0.4628099173553719	0.5165934852897301	TP53	True
0.49606299212598426	0.47107438016528924	0.5132146896162214	TP53	True
0.49606299212598426	0.4793388429752066	0.5109098203798982	TP53	True
0.5039370078740157	0.4793388429752066	0.5109073925007024	TP53	True
0.5118110236220472	0.4793388429752066	0.5089098987152926	TP53	True
0.5196850393700787	0.4793388429752066	0.5057497892538554	TP53	True
0.5196850393700787	0.48760330578512395	0.5054447642322526	TP53	True
0.5196850393700787	0.49586776859504134	0.5044940232240477	TP53	True
0.5275590551181102	0.49586776859504134	0.5016808766924138	TP53	True
0.5354330708661418	0.49586776859504134	0.5003547682306457	TP53	True
0.5354330708661418	0.5041322314049587	0.50035126924865	TP53	True
0.5433070866141733	0.5041322314049587	0.498545297903677	TP53	True
0.5433070866141733	0.512396694214876	0.4967584834131715	TP53	True
0.5511811023622047	0.512396694214876	0.4967154059860071	TP53	True
0.5590551181102362	0.512396694214876	0.4946424423945832	TP53	True
0.5669291338582677	0.512396694214876	0.4932058388332061	TP53	True
0.5669291338582677	0.5206611570247934	0.4924994639137032	TP53	True
0.5748031496062992	0.5206611570247934	0.4922514038476895	TP53	True
0.5748031496062992	0.5289256198347108	0.4911749010024458	TP53	True
0.5826771653543307	0.5289256198347108	0.49024857794242604	TP53	True
0.5826771653543307	0.5371900826446281	0.489875410317891	TP53	True
0.5826771653543307	0.5454545454545454	0.4897643643954124	TP53	True
0.5826771653543307	0.5537190082644629	0.4871288802339238	TP53	True
0.5826771653543307	0.5619834710743802	0.4868147115395681	TP53	True
0.5826771653543307	0.5702479338842975	0.4862314879890016	TP53	True
0.5826771653543307	0.5785123966942148	0.48453782003778895	TP53	True
0.5826771653543307	0.5867768595041323	0.4819362138548013	TP53	True
0.5905511811023622	0.5867768595041323	0.4816039678600011	TP53	True
0.5984251968503937	0.5867768595041323	0.4798342155255458	TP53	True
0.5984251968503937	0.5950413223140496	0.4792098005272196	TP53	True
0.6062992125984252	0.5950413223140496	0.4790874556137004	TP53	True
0.6062992125984252	0.6033057851239669	0.4789535727258202	TP53	True
0.6062992125984252	0.6115702479338843	0.4789272230430083	TP53	True
0.6141732283464567	0.6115702479338843	0.4780574364940438	TP53	True
0.6220472440944882	0.6115702479338843	0.4762657851041207	TP53	True
0.6299212598425197	0.6115702479338843	0.471896813822674	TP53	True
0.6299212598425197	0.6198347107438017	0.4718693199810836	TP53	True
0.6377952755905512	0.6198347107438017	0.4713429616303983	TP53	True
0.6377952755905512	0.628099173553719	0.4676193409087085	TP53	True
0.6377952755905512	0.6363636363636364	0.4651157897945621	TP53	True
0.6456692913385826	0.6363636363636364	0.4641401463527908	TP53	True
0.6535433070866141	0.6363636363636364	0.4621796472945945	TP53	True
0.6614173228346457	0.6363636363636364	0.4616514690672449	TP53	True
0.6692913385826772	0.6363636363636364	0.4613800775823058	TP53	True
0.6771653543307087	0.6363636363636364	0.459938993189125	TP53	True
0.6771653543307087	0.6446280991735537	0.4586389958189535	TP53	True
0.6771653543307087	0.6528925619834711	0.4573809128259488	TP53	True
0.6771653543307087	0.6611570247933884	0.4549322347057781	TP53	True
0.6771653543307087	0.6694214876033058	0.4544535397849165	TP53	True
0.6850393700787402	0.6694214876033058	0.4521557149916909	TP53	True
0.6929133858267716	0.6694214876033058	0.4485629674241827	TP53	True
0.6929133858267716	0.6776859504132231	0.4478256164985089	TP53	True
0.6929133858267716	0.6859504132231405	0.4459265824110725	TP53	True
0.7007874015748031	0.6859504132231405	0.4457337491363521	TP53	True
0.7007874015748031	0.6942148760330579	0.4443636235225087	TP53	True
0.7086614173228346	0.6942148760330579	0.4426828468049469	TP53	True
0.7165354330708661	0.6942148760330579	0.4417109181948007	TP53	True
0.7244094488188977	0.6942148760330579	0.4355813435167413	TP53	True
0.7322834645669292	0.6942148760330579	0.4349444290436938	TP53	True
0.7322834645669292	0.7024793388429752	0.4327255709225204	TP53	True
0.7401574803149606	0.7024793388429752	0.4313392807888968	TP53	True
0.7480314960629921	0.7024793388429752	0.43006545801189	TP53	True
0.7559055118110236	0.7024793388429752	0.4254429272365208	TP53	True
0.7637795275590551	0.7024793388429752	0.4233878706577948	TP53	True
0.7716535433070866	0.7024793388429752	0.42277090465092204	TP53	True
0.7795275590551181	0.7024793388429752	0.4226308192194749	TP53	True
0.7795275590551181	0.7107438016528925	0.4219212607232517	TP53	True
0.7795275590551181	0.71900826446281	0.4174441078758425	TP53	True
0.7795275590551181	0.7272727272727273	0.4125274859956477	TP53	True
0.7874015748031497	0.7272727272727273	0.410609699535712	TP53	True
0.7952755905511811	0.7272727272727273	0.4022444761597061	TP53	True
0.8031496062992126	0.7272727272727273	0.4008792247593258	TP53	True
0.8110236220472441	0.7272727272727273	0.3969902425563859	TP53	True
0.8110236220472441	0.7355371900826446	0.392335268607486	TP53	True
0.8188976377952756	0.7355371900826446	0.3919243040120535	TP53	True
0.8267716535433071	0.7355371900826446	0.3898961483478083	TP53	True
0.8267716535433071	0.743801652892562	0.3897838169834677	TP53	True
0.8267716535433071	0.7520661157024794	0.3888255274059685	TP53	True
0.8267716535433071	0.7603305785123967	0.3852772925138382	TP53	True
0.8267716535433071	0.768595041322314	0.3846508139072686	TP53	True
0.8346456692913385	0.768595041322314	0.37753625026187904	TP53	True
0.84251968503937	0.768595041322314	0.36943596408341584	TP53	True
0.84251968503937	0.7768595041322314	0.36605668041477496	TP53	True
0.84251968503937	0.7851239669421488	0.3658472773326927	TP53	True
0.8503937007874016	0.7851239669421488	0.3605864659923531	TP53	True
0.8582677165354331	0.7851239669421488	0.34939210045012675	TP53	True
0.8661417322834646	0.7851239669421488	0.3472837381104346	TP53	True
0.8740157480314961	0.7851239669421488	0.3459750982978338	TP53	True
0.8818897637795275	0.7851239669421488	0.34286199186905864	TP53	True
0.8818897637795275	0.7933884297520661	0.3416898494264881	TP53	True
0.8818897637795275	0.8016528925619835	0.3409813486989899	TP53	True
0.8818897637795275	0.8099173553719008	0.3402892811063456	TP53	True
0.8818897637795275	0.8181818181818182	0.3376758964664906	TP53	True
0.889763779527559	0.8181818181818182	0.33710343056644304	TP53	True
0.889763779527559	0.8264462809917356	0.333777094487212	TP53	True
0.889763779527559	0.8347107438016529	0.3329326705529311	TP53	True
0.8976377952755905	0.8347107438016529	0.3258042148711192	TP53	True
0.905511811023622	0.8347107438016529	0.3245987716455612	TP53	True
0.905511811023622	0.8429752066115702	0.3240834773928751	TP53	True
0.9133858267716536	0.8429752066115702	0.3163801884974192	TP53	True
0.9133858267716536	0.8512396694214877	0.313825673724014	TP53	True
0.9212598425196851	0.8512396694214877	0.3103538465171891	TP53	True
0.9212598425196851	0.859504132231405	0.30664648397836763	TP53	True
0.9212598425196851	0.8677685950413223	0.30425723275638683	TP53	True
0.9212598425196851	0.8760330578512396	0.3028118292158198	TP53	True
0.9291338582677166	0.8760330578512396	0.2995124007457437	TP53	True
0.9291338582677166	0.8842975206611571	0.2992861648024783	TP53	True
0.937007874015748	0.8842975206611571	0.29824704847483197	TP53	True
0.937007874015748	0.8925619834710744	0.2973647889339877	TP53	True
0.937007874015748	0.9008264462809917	0.289673124846761	TP53	True
0.9448818897637795	0.9008264462809917	0.2762511633713769	TP53	True
0.9448818897637795	0.9090909090909091	0.2762424315752274	TP53	True
0.9448818897637795	0.9173553719008265	0.2580345782143959	TP53	True
0.9448818897637795	0.9256198347107438	0.2545018517645952	TP53	True
0.9448818897637795	0.9338842975206612	0.2509300715761033	TP53	True
0.9448818897637795	0.9421487603305785	0.2460942597358649	TP53	True
0.952755905511811	0.9421487603305785	0.2349632225476006	TP53	True
0.9606299212598425	0.9421487603305785	0.2320572222491608	TP53	True
0.9606299212598425	0.9504132231404959	0.21319069034265994	TP53	True
0.968503937007874	0.9504132231404959	0.21277574773059976	TP53	True
0.968503937007874	0.9586776859504132	0.21101082376813568	TP53	True
0.9763779527559056	0.9586776859504132	0.20585552925677564	TP53	True
0.9763779527559056	0.9669421487603306	0.20422056410238745	TP53	True
0.9763779527559056	0.9752066115702479	0.20225731086940546	TP53	True
0.9763779527559056	0.9834710743801653	0.19741436903177115	TP53	True
0.984251968503937	0.9834710743801653	0.1952830743531923	TP53	True
0.9921259842519685	0.9834710743801653	0.18904458367836635	TP53	True
0.9921259842519685	0.9917355371900827	0.18659009724552195	TP53	True
0.9921259842519685	1.0	0.16724356899624918	TP53	True
1.0	1.0	0.1128405886255005	TP53	True
